id,first_name,last_name,email,car_make,car_model,car_year,car_price
1,Barbie,Hallwood,bhallwood0@latimes.com,Mitsubishi,Challenger,2004,92203
2,Ingaberg,Tippin,itippin1@uiuc.edu,Mitsubishi,Tundra,2009,37274
3,Robyn,Mawd,rmawd2@google.co.uk,Lexus,LS Hybrid,2012,1341
4,Guss,Meriguet,gmeriguet3@fastcompany.com,Buick,LeSabre,2002,28630
5,Tabbi,Dunthorn,tdunthorn4@cbslocal.com,Aston Martin,DB9,2011,58993
6,Ahmed,Harcourt,aharcourt5@ft.com,Toyota,Sienna,1998,54701
7,Lyda,Pridgeon,lpridgeon6@networksolutions.com,Mercedes-Benz,400SEL,1993,18421
8,Ignacio,Oxenden,ioxenden7@bluehost.com,Land Rover,Discovery,2000,70739
9,Gayla,Boddis,gboddis8@microsoft.com,Dodge,Ram Wagon B250,1992,27396
10,Wittie,Espinola,wespinola9@behance.net,Plymouth,Horizon,1978,32579
11,Gallagher,Fashion,gfashiona@psu.edu,Audi,RS6,2003,77451
12,Aridatha,Southerns,asouthernsb@ebay.com,Mercedes-Benz,W126,1983,60068
13,Arnaldo,Daffey,adaffeyc@twitter.com,Volkswagen,GTI,1986,47362
14,Kennett,Jobke,kjobked@virginia.edu,Daihatsu,Charade,1992,19354
15,Estele,Enevoldsen,eenevoldsene@lycos.com,Dodge,Charger,2008,76202
16,Bron,Sulter,bsulterf@51.la,Mercedes-Benz,SL-Class,1988,2198
17,Lucas,Norville,lnorvilleg@bluehost.com,Toyota,MR2,1986,82252
18,Patience,Lodevick,plodevickh@arizona.edu,Cadillac,Brougham,1992,52084
19,George,Figliovanni,gfigliovannii@topsy.com,Acura,Integra,2001,29352
20,Esme,Mish,emishj@economist.com,Chevrolet,Avalanche 1500,2002,29942
21,Daniela,Stubbington,dstubbingtonk@php.net,Mitsubishi,Truck,1989,25823
22,Alia,Simonetti,asimonettil@wordpress.org,Toyota,Camry,2002,70198
23,Cathrine,Thecham,cthechamm@intel.com,Mercedes-Benz,400SEL,1993,6602
24,Ethel,Harlin,eharlinn@theguardian.com,Pontiac,Grand Prix,1992,83435
25,Romonda,Reijmers,rreijmerso@tripod.com,Dodge,Dakota,1996,38942
26,Reed,Ramshaw,rramshawp@youku.com,Volvo,XC90,2008,76411
27,Westleigh,Parmer,wparmerq@liveinternet.ru,Ford,Taurus,2005,4242
28,Tamara,Bortolozzi,tbortolozzir@quantcast.com,Honda,CR-V,2000,65908
29,Mike,Warland,mwarlands@soup.io,Mercury,Cougar,1988,69715
30,Darrel,Durran,ddurrant@lulu.com,Toyota,Avalon,2005,27380
31,Janet,Drakeford,jdrakefordu@scribd.com,Mercedes-Benz,SL-Class,1996,46844
32,Rebeka,Woodruff,rwoodruffv@illinois.edu,Mercury,Mariner,2010,55048
33,Petronella,Kobpal,pkobpalw@google.ca,Subaru,Forester,2003,51812
34,Benyamin,de Clerc,bdeclercx@mail.ru,Mazda,RX-7,1990,34030
35,Moshe,Iori,mioriy@who.int,Volvo,C70,2007,31567
36,Thorvald,Dineges,tdinegesz@spotify.com,Infiniti,I,2004,68944
37,Maximilien,Loadsman,mloadsman10@slashdot.org,Pontiac,G3,2010,89829
38,Fedora,Croxford,fcroxford11@addthis.com,Pontiac,Grand Prix,1994,51754
39,Giavani,Heineking,gheineking12@pagesperso-orange.fr,Subaru,Baja,2003,88427
40,Burnaby,Michin,bmichin13@msu.edu,Subaru,XT,1990,46367
41,Dale,Rubert,drubert14@dailymotion.com,Volvo,S40,2000,38336
42,Cal,Kilgrew,ckilgrew15@bandcamp.com,Lexus,RX,2013,13049
43,Mary,Exrol,mexrol16@spiegel.de,Mercedes-Benz,W201,1985,61776
44,Tallia,Thoresby,tthoresby17@china.com.cn,GMC,Sierra 1500,2004,85860
45,Lorianna,Wyleman,lwyleman18@yelp.com,Ford,Mustang,1980,7272
46,Artair,Pagen,apagen19@fotki.com,Chevrolet,Malibu,2001,97963
47,Lonnard,Simpkin,lsimpkin1a@sogou.com,Porsche,928,1986,64394
48,Vasily,Dockray,vdockray1b@bluehost.com,Mazda,MX-5,2011,48335
49,Brittaney,Huston,bhuston1c@com.com,Ford,F-350 Super Duty,2006,86854
50,Wynny,Dufer,wdufer1d@unicef.org,Buick,Skyhawk,1986,25930
51,Gaspard,Johnstone,gjohnstone1e@lycos.com,Chevrolet,Express 3500,2010,63886
52,Shannon,Cursey,scursey1f@ed.gov,Jeep,Grand Cherokee,1998,54916
53,Gibb,Cluitt,gcluitt1g@time.com,Dodge,Neon,2001,18453
54,Valdemar,Freyne,vfreyne1h@cbslocal.com,Toyota,4Runner,1997,19213
55,Pate,Morecombe,pmorecombe1i@yolasite.com,Acura,MDX,2008,86060
56,Nadiya,Ivanchikov,nivanchikov1j@phoca.cz,Land Rover,Range Rover Classic,1993,58316
57,Tobey,Ericssen,tericssen1k@spiegel.de,Chevrolet,Corvette,1955,79176
58,Noami,Boards,nboards1l@stanford.edu,Isuzu,Rodeo,2004,73247
59,Jephthah,Durrington,jdurrington1m@miibeian.gov.cn,Jaguar,XJ Series,1996,46219
60,April,Newburn,anewburn1n@sohu.com,Dodge,Daytona,1992,74326
61,Sylas,Adamides,sadamides1o@ning.com,Ford,Crown Victoria,2004,93409
62,Zilvia,Chevolleau,zchevolleau1p@phpbb.com,Ferrari,458 Italia,2011,61000
63,Rona,Tarbet,rtarbet1q@state.gov,Mercedes-Benz,S-Class,2002,63254
64,Nils,Alison,nalison1r@amazon.de,Mercury,Mystique,1996,96349
65,Mil,Keller,mkeller1s@archive.org,Ford,Taurus,1988,25991
66,Mellicent,Niche,mniche1t@bloomberg.com,Nissan,Maxima,2007,33115
67,Genevieve,Mebius,gmebius1u@psu.edu,GMC,Canyon,2005,39403
68,Tyne,Meo,tmeo1v@51.la,Chevrolet,Express 2500,2011,22690
69,Desiri,Arsnell,darsnell1w@liveinternet.ru,Honda,del Sol,1995,35029
70,Shoshanna,Shitliff,sshitliff1x@google.com.au,Mitsubishi,Truck,1987,72632
71,Kylie,Brugsma,kbrugsma1y@nhs.uk,Toyota,Solara,2004,1088
72,Susann,Bernakiewicz,sbernakiewicz1z@house.gov,Suzuki,Grand Vitara,2007,3814
73,Eustacia,Copello,ecopello20@gov.uk,GMC,Sierra 2500,2009,95022
74,Ulric,Rasmus,urasmus21@twitpic.com,Aston Martin,V8 Vantage S,2012,54195
75,Sarina,Stot,sstot22@utexas.edu,Ford,Escape,2003,64184
76,Aksel,Kampshell,akampshell23@meetup.com,Ford,F250,2008,63791
77,Laurens,Parr,lparr24@lycos.com,Audi,TT,2003,5503
78,Kilian,Campes,kcampes25@wunderground.com,Toyota,Prius,2005,33743
79,Marion,Cready,mcready26@nationalgeographic.com,Mercedes-Benz,W201,1989,66733
80,Nolie,Prazor,nprazor27@geocities.com,Mercury,Mariner,2008,30742
81,Gilly,Barbisch,gbarbisch28@army.mil,Volkswagen,GTI,1997,50880
82,Jenny,Yanson,jyanson29@house.gov,Lincoln,Continental,1998,21619
83,Fidelity,Mattiuzzi,fmattiuzzi2a@xrea.com,Ford,Country,1967,86237
84,Darbee,Smidmore,dsmidmore2b@google.it,Cadillac,STS,2008,85053
85,Mikaela,Upchurch,mupchurch2c@illinois.edu,GMC,Safari,1994,94946
86,Benita,Peebles,bpeebles2d@imageshack.us,Toyota,Sienna,2001,83400
87,Chelsae,Frankling,cfrankling2e@vkontakte.ru,GMC,3500,1996,43964
88,Christi,Shackleford,cshackleford2f@linkedin.com,Saturn,Outlook,2009,76134
89,Tani,Syvret,tsyvret2g@usnews.com,Volvo,940,1993,45983
90,Ree,Pimley,rpimley2h@github.com,Toyota,Tacoma,2012,23257
91,Abagail,Chrispin,achrispin2i@about.me,Lexus,LS,2007,19164
92,Margit,Laminman,mlaminman2j@imgur.com,Mazda,MX-3,1996,96036
93,Charlotte,Besse,cbesse2k@bandcamp.com,Kia,Sedona,2004,13689
94,Virginia,Gallandre,vgallandre2l@slideshare.net,Honda,CR-V,2000,18286
95,Benetta,Tallon,btallon2m@canalblog.com,Chevrolet,Express 2500,2008,22759
96,Odelle,Weeke,oweeke2n@ezinearticles.com,BMW,7 Series,2004,55203
97,Kellie,Jeckell,kjeckell2o@nasa.gov,Ford,Bronco,1996,91153
98,Rebekkah,Smardon,rsmardon2p@zdnet.com,Audi,4000s Quattro,1986,47407
99,Lothaire,Peaurt,lpeaurt2q@hao123.com,Chevrolet,G-Series G10,1992,63842
100,Vanya,Stefi,vstefi2r@google.de,Toyota,Tacoma Xtra,2000,97507
101,Aristotle,Turnock,aturnock2s@twitter.com,Toyota,TundraMax,2010,38631
102,Ban,Hackly,bhackly2t@jalbum.net,Volkswagen,Cabriolet,1997,17542
103,Tremaine,Cridlin,tcridlin2u@bizjournals.com,Ford,F150,2002,29149
104,Babs,O'Cosgra,bocosgra2v@elegantthemes.com,Ford,Flex,2012,90814
105,Isabel,Lacroix,ilacroix2w@youtube.com,Ford,Galaxie,1964,38876
106,Thatch,Lowdham,tlowdham2x@so-net.ne.jp,Mitsubishi,Excel,1989,6434
107,Sileas,Sunter,ssunter2y@blogspot.com,Rolls-Royce,Phantom,2008,50822
108,Vera,Bengough,vbengough2z@msn.com,Jeep,Grand Cherokee,1999,48508
109,Eddy,Pruckner,epruckner30@plala.or.jp,Volvo,XC60,2009,66841
110,Stanly,Hemms,shemms31@gmpg.org,Chevrolet,Express 1500,2002,8866
111,Glenna,McConway,gmcconway32@etsy.com,Lexus,ES,1999,88767
112,Innis,Morman,imorman33@who.int,Dodge,Ram Van B150,1992,61831
113,Marney,Darlison,mdarlison34@de.vu,Toyota,Tundra,2004,53485
114,Dunn,Blowick,dblowick35@intel.com,Isuzu,Rodeo,2001,94733
115,Marje,Ionnidis,mionnidis36@uol.com.br,GMC,Suburban 1500,1999,9739
116,Eadmund,Kubicek,ekubicek37@independent.co.uk,Chevrolet,Camaro,1978,91497
117,Dolf,Dovey,ddovey38@com.com,Dodge,Ram 3500,2005,81544
118,Lorita,Willcock,lwillcock39@opera.com,Chevrolet,Tracker,2000,59256
119,Gabrielle,Foote,gfoote3a@blinklist.com,Toyota,Matrix,2007,2210
120,Constantia,Husband,chusband3b@gnu.org,Volvo,S40,2004,11206
121,Titus,Earp,tearp3c@wordpress.com,Ford,Explorer,1992,49420
122,Claudette,Hugli,chugli3d@altervista.org,Lotus,Elan,1994,70491
123,Onfre,McAllister,omcallister3e@yale.edu,Chevrolet,Corvette,1984,69811
124,Hymie,Byrd,hbyrd3f@cisco.com,Buick,Coachbuilder,1991,10505
125,Cori,Forward,cforward3g@bravesites.com,Volkswagen,Jetta III,1994,4680
126,Roby,Hellewell,rhellewell3h@opera.com,Nissan,Xterra,2002,89612
127,Joya,Hutable,jhutable3i@joomla.org,Buick,Rendezvous,2005,24326
128,Elaina,McConnachie,emcconnachie3j@studiopress.com,Nissan,Sentra,1992,37770
129,Anallese,Woolsey,awoolsey3k@vimeo.com,Pontiac,Vibe,2010,98583
130,Samaria,Rennick,srennick3l@comsenz.com,Subaru,Outback,2001,42478
131,Berta,Leidl,bleidl3m@ibm.com,Chevrolet,Camaro,1995,7163
132,Raquela,Kornilov,rkornilov3n@constantcontact.com,Lotus,Exige,2010,46048
133,Morris,Fri,mfri3o@foxnews.com,Volkswagen,Jetta,1998,71425
134,Hilton,Pottes,hpottes3p@goodreads.com,Isuzu,Oasis,1998,99046
135,Aubine,Reville,areville3q@theglobeandmail.com,Chevrolet,Cobalt,2007,93497
136,Netta,Othen,nothen3r@163.com,Ford,Tempo,1992,38667
137,Petronia,Deverale,pdeverale3s@google.co.jp,Chevrolet,G-Series G20,1995,47409
138,Caitrin,Klees,cklees3t@drupal.org,Lexus,SC,1996,5190
139,Waldon,Danser,wdanser3u@reverbnation.com,Audi,A6,1998,24307
140,Riki,Backshaw,rbackshaw3v@usda.gov,Dodge,Aries,1981,22927
141,Dukey,Wall,dwall3w@aboutads.info,Tesla,Roadster,2010,33749
142,Shae,Ingerfield,singerfield3x@paginegialle.it,Ford,Thunderbird,1996,37607
143,Johnath,Facer,jfacer3y@webnode.com,Mitsubishi,Pajero,1991,5332
144,Kamillah,Ruusa,kruusa3z@sciencedirect.com,Maserati,Biturbo,1987,79243
145,Sondra,Baskett,sbaskett40@slate.com,BMW,X5,2012,87501
146,Skye,Geist,sgeist41@angelfire.com,GMC,Savana,2010,58088
147,Kerrie,Symington,ksymington42@cmu.edu,Volkswagen,rio,2000,79239
148,Joela,Dominichelli,jdominichelli43@tumblr.com,Dodge,Viper,2004,53758
149,Briant,Brosoli,bbrosoli44@qq.com,Mazda,Tribute,2004,16664
150,Hilarius,O'Duilleain,hoduilleain45@unicef.org,Audi,TT,2012,24635
151,Vincenty,Farr,vfarr46@apple.com,Infiniti,QX56,2007,5541
152,Simonne,Domsalla,sdomsalla47@google.com,Pontiac,Bonneville,1995,97398
153,Lucretia,Casino,lcasino48@un.org,Volvo,XC90,2008,22773
154,Halie,Littrick,hlittrick49@dagondesign.com,Nissan,Xterra,2003,32945
155,Seline,Seger,sseger4a@bandcamp.com,Plymouth,Sundance,1993,59365
156,Kasper,Pfaff,kpfaff4b@economist.com,GMC,Yukon,1995,42572
157,Carmel,Petow,cpetow4c@simplemachines.org,Subaru,XT,1989,5988
158,Gena,Borley,gborley4d@loc.gov,GMC,Savana 2500,2004,95844
159,Vale,Riply,vriply4e@sbwire.com,Toyota,Camry,1996,77647
160,Tobin,Harbidge,tharbidge4f@wix.com,GMC,Suburban 1500,1996,4927
161,Berte,Muehle,bmuehle4g@e-recht24.de,Dodge,Magnum,2005,78572
162,Sashenka,Marquess,smarquess4h@infoseek.co.jp,Toyota,Camry,1999,18197
163,Sergent,Braghini,sbraghini4i@domainmarket.com,Mercedes-Benz,CL-Class,2011,85779
164,Gonzales,Gooke,ggooke4j@mysql.com,Audi,riolet,1994,45526
165,Ingaborg,Zaniolo,izaniolo4k@harvard.edu,Suzuki,SJ,1987,36279
166,Larina,Manklow,lmanklow4l@goodreads.com,Porsche,968,1992,31178
167,Gusty,Sustins,gsustins4m@vistaprint.com,Volvo,XC70,2006,62687
168,Dara,Poltone,dpoltone4n@whitehouse.gov,Volkswagen,Eurovan,2003,27519
169,Floyd,Shelper,fshelper4o@freewebs.com,Subaru,Legacy,2005,90442
170,Elysia,Maruska,emaruska4p@nyu.edu,Buick,LaCrosse,2006,29446
171,Dayle,Bolzen,dbolzen4q@slideshare.net,Mazda,Mazdaspeed 3,2007,90982
172,Freddy,Sidary,fsidary4r@webs.com,Chevrolet,Cavalier,1999,76464
173,Boyd,Norley,bnorley4s@cocolog-nifty.com,Suzuki,Daewoo Lacetti,2008,38006
174,Ardene,Duckitt,aduckitt4t@china.com.cn,Oldsmobile,88,1993,22203
175,Byrann,Delgardillo,bdelgardillo4u@europa.eu,Mercedes-Benz,CLS-Class,2011,33849
176,Selma,Fontenot,sfontenot4v@google.co.uk,GMC,Sonoma Club Coupe,1997,93368
177,Barr,Hearson,bhearson4w@techcrunch.com,Chevrolet,Suburban 1500,2010,91676
178,Carina,Cull,ccull4x@1688.com,Mitsubishi,Starion,1987,21203
179,Margie,Primmer,mprimmer4y@instagram.com,Ford,F150,2004,30682
180,Daffie,Gerant,dgerant4z@netvibes.com,Mitsubishi,Tredia,1988,63288
181,Salem,Jenny,sjenny50@t-online.de,Ford,F-Series,2006,18267
182,Guilbert,Ruslinge,gruslinge51@utexas.edu,Volkswagen,Eos,2010,10360
183,Reta,Elis,relis52@php.net,Toyota,Avalon,1997,49630
184,Pavla,Osborn,posborn53@epa.gov,Pontiac,Grand Am,1996,27532
185,Alaine,Ricci,aricci54@jugem.jp,Mercury,Mystique,1998,36122
186,Reade,Rilton,rrilton55@springer.com,Volkswagen,Jetta,2009,16103
187,Humfrey,Bowdler,hbowdler56@addthis.com,Nissan,Maxima,1999,73570
188,Calv,Vequaud,cvequaud57@angelfire.com,Mercury,Tracer,1997,22132
189,Margarette,Blakeborough,mblakeborough58@jugem.jp,Infiniti,M,1992,57349
190,Misty,Mc Ilwrick,mmcilwrick59@purevolume.com,Dodge,Dakota,1992,38638
191,Gonzalo,Willshear,gwillshear5a@php.net,Mitsubishi,RVR,1993,5648
192,Minne,Erskine,merskine5b@cbslocal.com,Hyundai,Tiburon,2004,73698
193,Darice,Bettles,dbettles5c@goodreads.com,Pontiac,6000,1987,73068
194,Dareen,Taggert,dtaggert5d@theglobeandmail.com,Isuzu,VehiCROSS,2001,16648
195,Laurens,Pickworth,lpickworth5e@wordpress.org,Nissan,Quest,1994,88072
196,Dimitri,Morter,dmorter5f@stumbleupon.com,Audi,80,1992,63890
197,Christiano,Schuh,cschuh5g@dagondesign.com,Mercedes-Benz,GL-Class,2007,5335
198,Donica,Malone,dmalone5h@freewebs.com,Chevrolet,Corvette,1973,72084
199,Mariquilla,Edkins,medkins5i@slashdot.org,BMW,600,1958,33278
200,Garrard,Nudd,gnudd5j@cdc.gov,Infiniti,G,2009,26885
201,Ody,Henfre,ohenfre5k@wp.com,Pontiac,Montana,2004,56660
202,Jennine,Pea,jpea5l@trellian.com,Buick,Regal,1990,2199
203,Bertine,Mitchener,bmitchener5m@is.gd,Nissan,Quest,1995,65049
204,Lydon,Mintram,lmintram5n@who.int,Oldsmobile,Aurora,2003,52301
205,Heall,Bonham,hbonham5o@archive.org,Buick,Verano,2012,8858
206,Sigfried,Yeude,syeude5p@cocolog-nifty.com,Toyota,Tercel,1995,43203
207,Earle,Manford,emanford5q@shutterfly.com,Alfa Romeo,Spider,1992,1027
208,Marlene,Zwicker,mzwicker5r@comcast.net,Dodge,Ram Van 3500,1995,88163
209,Stanislas,Ingrem,singrem5s@chron.com,Chrysler,300,2005,46150
210,Clemence,Amies,camies5t@mapy.cz,Mercedes-Benz,E-Class,2006,46544
211,Borden,Hembrow,bhembrow5u@php.net,Chevrolet,Camaro,1973,56787
212,Gretchen,Gronaller,ggronaller5v@discovery.com,Hyundai,Accent,2009,84938
213,Stern,Archbold,sarchbold5w@statcounter.com,Suzuki,Forenza,2007,79919
214,Randie,Bouller,rbouller5x@indiegogo.com,Mitsubishi,Endeavor,2004,84936
215,Ginnifer,Johnston,gjohnston5y@pinterest.com,GMC,Sierra 3500,2007,18569
216,Gordan,Hannabus,ghannabus5z@msn.com,Buick,Skylark,1992,97379
217,Forest,Howel,fhowel60@ihg.com,Hyundai,Sonata,2011,31931
218,Nickola,Otto,notto61@nationalgeographic.com,Chevrolet,G-Series G10,1995,21667
219,Gregorius,Warman,gwarman62@amazonaws.com,GMC,Jimmy,1992,71887
220,Igor,Peasey,ipeasey63@addtoany.com,Toyota,Solara,2003,44286
221,Madonna,Tiernan,mtiernan64@tinypic.com,Oldsmobile,Intrigue,2002,15592
222,Gretal,Franken,gfranken65@xinhuanet.com,Mercury,Topaz,1992,11335
223,Conway,Grimbleby,cgrimbleby66@yahoo.com,Ford,Ranger,1994,14562
224,Thalia,Drew-Clifton,tdrewclifton67@time.com,Kia,Sorento,2004,66738
225,Kristien,Ghilardi,kghilardi68@odnoklassniki.ru,Ford,F350,2010,8928
226,Brigg,Meth,bmeth69@imageshack.us,Saab,9-3,2012,46328
227,Clarke,Niesel,cniesel6a@mac.com,Chevrolet,Express 3500,2007,32805
228,Isak,Eilhertsen,ieilhertsen6b@cisco.com,Plymouth,Voyager,1996,45497
229,Flo,Christoffersen,fchristoffersen6c@alexa.com,Mazda,Mazdaspeed 3,2010,67792
230,Krystle,Reddoch,kreddoch6d@histats.com,Porsche,911,1999,62136
231,Marve,Casina,mcasina6e@si.edu,Honda,Fit,2010,51593
232,Manda,Janz,mjanz6f@ucoz.com,Porsche,Cayman,2009,82696
233,Corissa,Flarity,cflarity6g@technorati.com,Mazda,RX-8,2011,52128
234,Kesley,Wieprecht,kwieprecht6h@dropbox.com,Honda,Insight,2002,4579
235,Jerrylee,Costellow,jcostellow6i@yolasite.com,Subaru,Impreza,2012,34797
236,Bentlee,McAmish,bmcamish6j@geocities.com,Ford,Escort,1994,52118
237,Lisle,Bedinn,lbedinn6k@businessweek.com,Dodge,Ram 1500,1996,80262
238,Ellis,Bleasdille,ebleasdille6l@nhs.uk,Toyota,RAV4,2005,98036
239,Adelbert,Roussell,aroussell6m@github.com,Plymouth,Sundance,1992,35713
240,Alejandrina,Herreran,aherreran6n@xinhuanet.com,Mazda,MX-5,1996,80244
241,Millisent,Penman,mpenman6o@nasa.gov,Subaru,XT,1987,58289
242,Crissie,Lapthorn,clapthorn6p@examiner.com,Mercury,Mountaineer,2004,72747
243,Fielding,Walkingshaw,fwalkingshaw6q@cornell.edu,Pontiac,Grand Prix,1971,31903
244,Elyse,Ambrose,eambrose6r@xrea.com,Mitsubishi,Diamante,1998,75046
245,Cary,Gerhardt,cgerhardt6s@biblegateway.com,Mercury,Sable,1989,89109
246,Beilul,Scroggs,bscroggs6t@ox.ac.uk,Volvo,V70,2002,36334
247,Berti,Hindge,bhindge6u@parallels.com,Ford,EXP,1987,35031
248,Gran,Busse,gbusse6v@t.co,Lexus,LX,2006,99448
249,Tabbi,Rigney,trigney6w@google.cn,GMC,Jimmy,1995,60309
250,Cobb,Lethbrig,clethbrig6x@fastcompany.com,Porsche,944,1990,6597
251,Bond,Bantham,bbantham6y@123-reg.co.uk,Chevrolet,2500,1998,70022
252,Inger,Rasper,irasper6z@walmart.com,Buick,Skylark,1989,53653
253,Tadd,Zannini,tzannini70@vkontakte.ru,GMC,Suburban 2500,1999,43501
254,Clarine,Castan,ccastan71@ehow.com,Volvo,XC70,2004,51105
255,Jess,Catterick,jcatterick72@pcworld.com,Mitsubishi,Outlander,2006,10297
256,Arne,Bohje,abohje73@artisteer.com,Hyundai,Accent,2011,23456
257,Derrik,Granger,dgranger74@e-recht24.de,GMC,Rally Wagon 2500,1994,23671
258,Emyle,Depka,edepka75@odnoklassniki.ru,Dodge,Neon,2001,18277
259,Alphonso,Garoghan,agaroghan76@lycos.com,GMC,3500 Club Coupe,1996,4646
260,Ewan,Caberas,ecaberas77@mysql.com,Lexus,GS,2005,18147
261,Fernandina,Bolf,fbolf78@omniture.com,Audi,A5,2011,3990
262,Joana,Whates,jwhates79@ifeng.com,Chevrolet,Suburban 2500,2001,89510
263,Conn,Abdy,cabdy7a@netscape.com,Chevrolet,Cobalt,2007,23189
264,Abdel,Ruslinge,aruslinge7b@squarespace.com,Maserati,GranSport,2005,83592
265,Ealasaid,Odams,eodams7c@flavors.me,Pontiac,Grand Prix,1974,50423
266,Ruprecht,Jutson,rjutson7d@yellowpages.com,Nissan,Quest,1996,16704
267,Ruperta,Josham,rjosham7e@wordpress.com,Ford,Fusion,2008,29870
268,Felecia,Emilien,femilien7f@google.pl,Audi,A8,2009,78387
269,Betteanne,Gosker,bgosker7g@blogspot.com,Dodge,Charger,1969,49534
270,Karyn,Eardley,keardley7h@mysql.com,Bentley,Continental GTC,2010,78008
271,Claresta,Rickasse,crickasse7i@behance.net,Mazda,MPV,1993,28654
272,Jae,McRobb,jmcrobb7j@instagram.com,Ford,Crown Victoria,1995,80325
273,Clemmy,MacQuist,cmacquist7k@alexa.com,Toyota,MR2,2001,34962
274,Pietrek,Kay,pkay7l@soup.io,Toyota,Celica,2003,54710
275,Jenna,Lente,jlente7m@t-online.de,GMC,Savana 2500,2008,31863
276,Joyan,Castanyer,jcastanyer7n@youtube.com,Audi,Quattro,1992,61818
277,Shea,Colebourne,scolebourne7o@noaa.gov,Ford,F-Series Super Duty,2009,12554
278,Dori,Scarce,dscarce7p@reverbnation.com,Lexus,GS,2008,29132
279,Clotilda,Feilden,cfeilden7q@fotki.com,Ford,Mustang,1974,75920
280,Goldie,Kimmel,gkimmel7r@nba.com,Hyundai,Azera,2008,61428
281,Murry,Duferie,mduferie7s@smugmug.com,Acura,TSX,2012,73727
282,Abby,Figger,afigger7t@freewebs.com,Porsche,Boxster,2010,8935
283,Corliss,Mully,cmully7u@vk.com,GMC,Yukon XL 1500,2002,71983
284,Conny,Adney,cadney7v@opera.com,BMW,M3,1995,25102
285,Tessy,Mantione,tmantione7w@about.me,Mitsubishi,Galant,2005,98375
286,Rosabelle,Le Marchand,rlemarchand7x@lulu.com,Kia,Sportage,2012,87018
287,Gregoor,Gilpillan,ggilpillan7y@auda.org.au,Lotus,Elise,2010,5622
288,Edeline,Huet,ehuet7z@berkeley.edu,Buick,Regal,2012,7809
289,Danyelle,Negro,dnegro80@freewebs.com,Audi,riolet,1996,33897
290,Petronilla,Lamey,plamey81@wsj.com,Saab,9000,1987,50488
291,Quint,Kaliszewski,qkaliszewski82@upenn.edu,Suzuki,Swift,1987,36313
292,Shanna,Dungate,sdungate83@google.fr,Land Rover,LR2,2011,24165
293,Murdock,Bennike,mbennike84@feedburner.com,Nissan,Frontier,2005,91183
294,Anthea,Sharphurst,asharphurst85@reddit.com,Volvo,S80,2001,4630
295,Kaylil,Jozwicki,kjozwicki86@meetup.com,Isuzu,Hombre,1998,83936
296,Cher,Reyes,creyes87@is.gd,Jaguar,XF,2011,19713
297,Mirilla,Dreger,mdreger88@utexas.edu,Volvo,C30,2013,63775
298,Orton,Trounce,otrounce89@friendfeed.com,BMW,Z8,2001,45845
299,Papagena,Molesworth,pmolesworth8a@upenn.edu,Nissan,Quest,2007,58866
300,Aurea,Mordy,amordy8b@fastcompany.com,Ford,Taurus,2013,27209
301,Lebbie,Pressland,lpressland8c@surveymonkey.com,Buick,Century,1999,50041
302,Lauritz,Rexworthy,lrexworthy8d@usda.gov,Aston Martin,DBS,2010,76736
303,Gideon,Seleway,gseleway8e@biglobe.ne.jp,Oldsmobile,Achieva,1994,7004
304,Steffie,Debling,sdebling8f@army.mil,Lexus,ES,2002,64145
305,Cherlyn,Jiggle,cjiggle8g@dyndns.org,Land Rover,Range Rover,2003,7311
306,Murielle,Rivenzon,mrivenzon8h@people.com.cn,Oldsmobile,Achieva,1992,57671
307,Jarret,O'Nions,jonions8i@yolasite.com,Porsche,911,2004,85543
308,Adolf,Itzchaki,aitzchaki8j@odnoklassniki.ru,Acura,CL,1999,41348
309,Nancey,Monini,nmonini8k@a8.net,Audi,R8,2012,71233
310,Izzy,Tythacott,itythacott8l@slideshare.net,Ford,F-Series,1991,45036
311,Denney,Musicka,dmusicka8m@discovery.com,Audi,RS 4,2008,20120
312,Dukie,Fleetwood,dfleetwood8n@topsy.com,Infiniti,Q,1996,53037
313,Alister,Baroux,abaroux8o@abc.net.au,Honda,Insight,2005,82870
314,Angela,Bowton,abowton8p@springer.com,Acura,Legend,1990,99097
315,Jake,Escreet,jescreet8q@prlog.org,Dodge,Ram 3500,2000,32206
316,Chester,Dallaghan,cdallaghan8r@china.com.cn,GMC,3500 Club Coupe,1993,91576
317,Haslett,Adel,hadel8s@aol.com,Volkswagen,Corrado,1992,99355
318,Brear,Henkmann,bhenkmann8t@weibo.com,Nissan,Altima,1993,57554
319,Lorens,Kleuer,lkleuer8u@auda.org.au,Toyota,4Runner,1995,6689
320,Moss,Frenchum,mfrenchum8v@unblog.fr,Nissan,Pathfinder,2004,70233
321,Aubree,Dibdall,adibdall8w@ebay.co.uk,Hyundai,Elantra,1996,68241
322,Jorrie,Chinery,jchinery8x@arizona.edu,Buick,LeSabre,1992,21501
323,Carmencita,Donald,cdonald8y@harvard.edu,Subaru,Legacy,2008,39584
324,Mireielle,McComiskie,mmccomiskie8z@live.com,Dodge,Stratus,2000,3908
325,Elspeth,Spoward,espoward90@eventbrite.com,Suzuki,SJ,1986,68190
326,Stacy,Sheardown,ssheardown91@nifty.com,Lexus,IS,2006,33038
327,Adriena,McGerraghty,amcgerraghty92@about.com,Chevrolet,Cobalt,2010,96593
328,Wrennie,Kleinhaut,wkleinhaut93@bizjournals.com,Pontiac,Bonneville,2000,20590
329,Ashton,Verbeek,averbeek94@google.cn,Jaguar,XK Series,2005,16090
330,Belicia,Ongin,bongin95@naver.com,Cadillac,Catera,1997,33112
331,Miof mela,Renyard,mrenyard96@youtube.com,Ford,Taurus,2009,71802
332,Maighdiln,Ramshay,mramshay97@uol.com.br,GMC,Yukon XL 2500,2010,51900
333,Benoite,Gentle,bgentle98@answers.com,BMW,X6 M,2011,95897
334,Alvira,Bavester,abavester99@timesonline.co.uk,Suzuki,Reno,2005,58325
335,Duff,Hoyt,dhoyt9a@nsw.gov.au,Buick,Century,1990,82085
336,Linea,Jagiello,ljagiello9b@bandcamp.com,Dodge,Grand Caravan,2005,62523
337,Caril,Creboe,ccreboe9c@netlog.com,Cadillac,Escalade,2010,20744
338,Lira,Gilbee,lgilbee9d@mlb.com,Ford,F250,2002,30245
339,Hymie,Smitherman,hsmitherman9e@time.com,Volkswagen,Golf,1995,48308
340,Shawn,Gullane,sgullane9f@storify.com,Subaru,Impreza WRX,2011,89632
341,Perice,Badrick,pbadrick9g@homestead.com,Hummer,H1,1998,22357
342,Padraic,Frissell,pfrissell9h@seesaa.net,Kia,Amanti,2005,99605
343,Uri,McCue,umccue9i@weather.com,Saab,9-3,1999,33463
344,Chaunce,Ivanenko,civanenko9j@ustream.tv,Dodge,Caravan,1993,22309
345,Rodger,Chadbourn,rchadbourn9k@discuz.net,Mercedes-Benz,SLS AMG,2011,91964
346,Maible,Colafate,mcolafate9l@woothemes.com,Chevrolet,Camaro,2010,34574
347,Diena,Statham,dstatham9m@aol.com,Dodge,Viper,1999,11580
348,Meggie,Conrath,mconrath9n@constantcontact.com,Ford,Crown Victoria,1994,96398
349,Joseito,Churcher,jchurcher9o@nhs.uk,Cadillac,XLR,2008,38107
350,Gabie,Van der Baaren,gvanderbaaren9p@bravesites.com,Saab,900,1986,97544
351,Nonah,April,napril9q@latimes.com,Nissan,Versa,2012,62052
352,Cassie,Yitzowitz,cyitzowitz9r@google.com,CitroÃ«n,2CV,1948,27797
353,Cahra,Meharry,cmeharry9s@xinhuanet.com,Jeep,Grand Cherokee,1997,88555
354,Merralee,Lathwell,mlathwell9t@nps.gov,GMC,Sonoma,1994,80983
355,Thaxter,Gadsdon,tgadsdon9u@artisteer.com,Ford,F350,2006,34974
356,Bevin,Jest,bjest9v@hubpages.com,Nissan,Murano,2011,99271
357,Kathie,Denton,kdenton9w@bing.com,Volvo,C70,2004,90391
358,Persis,Orrice,porrice9x@ustream.tv,BMW,6 Series,2007,33985
359,Vere,Richmont,vrichmont9y@acquirethisname.com,Scion,xA,2006,35242
360,Chrissie,Sekulla,csekulla9z@house.gov,Chevrolet,Sportvan G30,1993,40722
361,Deny,Bidnall,dbidnalla0@businessweek.com,Toyota,Celica,1982,64364
362,Geralda,Marde,gmardea1@i2i.jp,Lexus,GS,2001,22675
363,Kassandra,Dukes,kdukesa2@msu.edu,Honda,del Sol,1994,90796
364,Steward,Pringley,springleya3@mtv.com,Audi,Allroad,2001,65682
365,Ag,Pinnell,apinnella4@mac.com,Mitsubishi,Montero Sport,2001,12408
366,Esmeralda,Hart,eharta5@un.org,Ford,Thunderbird,2004,66303
367,Lexis,Masterton,lmastertona6@princeton.edu,Mazda,Mazda2,2011,93943
368,Tybalt,McDowall,tmcdowalla7@photobucket.com,Lamborghini,Gallardo,2005,14955
369,Estel,Faich,efaicha8@vistaprint.com,Volvo,940,1994,58443
370,Gaylor,Bridgewood,gbridgewooda9@ted.com,Ford,Aspire,1995,5674
371,Nikoletta,Coit,ncoitaa@sciencedirect.com,Volkswagen,Cabriolet,1992,9195
372,Jeddy,Bould,jbouldab@oaic.gov.au,Subaru,Impreza,2002,72106
373,Lindsay,Dyde,ldydeac@wsj.com,Lotus,Esprit,2002,29479
374,Diahann,Johananoff,djohananoffad@biglobe.ne.jp,Mazda,Mazdaspeed6,2006,5414
375,Faulkner,Hause,fhauseae@bbb.org,Toyota,Land Cruiser,2006,20259
376,Karee,Gumm,kgummaf@youku.com,Mercedes-Benz,E-Class,1999,86616
377,Denice,Nussii,dnussiiag@nba.com,Volvo,V70,2003,3914
378,Jimmy,Andrew,jandrewah@godaddy.com,Mercedes-Benz,E-Class,2006,65549
379,Jermain,Pulteneye,jpulteneyeai@pagesperso-orange.fr,Dodge,Ram 2500,1997,99911
380,Issi,Heale,ihealeaj@cafepress.com,Chevrolet,Express 3500,2012,55749
381,Lesley,Stump,lstumpak@webeden.co.uk,Chrysler,LHS,1996,47808
382,Ursola,Gradly,ugradlyal@hao123.com,Dodge,Ram 3500,2003,45642
383,Rudd,FitzGibbon,rfitzgibbonam@webnode.com,Land Rover,LR2,2008,42538
384,Tallie,Stanyland,tstanylandan@acquirethisname.com,Mitsubishi,Eclipse,2008,37380
385,Marleen,Malitrott,mmalitrottao@omniture.com,Mercury,Mountaineer,2005,87200
386,Doroteya,Skala,dskalaap@yahoo.com,Lotus,Esprit,2004,68825
387,Teddie,Airdrie,tairdrieaq@prnewswire.com,Honda,CR-V,2007,6489
388,Anne-corinne,Howsego,ahowsegoar@godaddy.com,Chrysler,Town & Country,2008,52712
389,Jerrie,Acors,jacorsas@a8.net,Scion,xD,2008,91231
390,Saunder,Batisse,sbatisseat@upenn.edu,GMC,Savana 3500,1996,1449
391,Hermon,Azemar,hazemarau@purevolume.com,Acura,TL,2012,76239
392,Charity,Evreux,cevreuxav@paypal.com,Nissan,Pathfinder,1998,41672
393,Gavrielle,Lowings,glowingsaw@sohu.com,Chevrolet,Tahoe,1997,64099
394,Angelita,Bazire,abazireax@163.com,Subaru,Forester,2008,7977
395,Pernell,Brombell,pbrombellay@state.tx.us,Lexus,GS,1996,41456
396,Giustino,Incogna,gincognaaz@imdb.com,Kia,Rio,2001,40975
397,Jan,Maneylaws,jmaneylawsb0@ovh.net,Buick,Regal,1992,62061
398,Kaile,Gebb,kgebbb1@addtoany.com,Volvo,C70,2012,89227
399,Pincus,Bailes,pbailesb2@live.com,Ford,Taurus,2013,97170
400,Constantina,OIlier,coilierb3@livejournal.com,Ford,Mustang,2002,74561
401,Loren,Hibbart,lhibbartb4@infoseek.co.jp,Ford,Thunderbird,1985,76261
402,Ashlie,Vitet,avitetb5@mayoclinic.com,Acura,TL,2007,7774
403,Kincaid,Braganza,kbraganzab6@hubpages.com,Chevrolet,Blazer,2003,40972
404,Chevy,Matieu,cmatieub7@alibaba.com,Mercedes-Benz,S-Class,1994,43007
405,Jorie,Olek,jolekb8@blogtalkradio.com,Chevrolet,Caprice,1995,28550
406,Lorri,McGuiney,lmcguineyb9@bloomberg.com,Ford,Flex,2009,9256
407,Brittne,Reynolds,breynoldsba@buzzfeed.com,BMW,7 Series,2004,15640
408,Barth,MacCardle,bmaccardlebb@wikispaces.com,Porsche,911,1997,34707
409,Maureene,Sidsaff,msidsaffbc@constantcontact.com,GMC,Sonoma Club Coupe,1997,39858
410,Ian,Gozard,igozardbd@bravesites.com,Chevrolet,Silverado 2500,2008,15941
411,Sela,Keepence,skeepencebe@digg.com,Bentley,Azure T,2010,80662
412,Harwell,Ghilardini,hghilardinibf@youku.com,Jeep,Grand Cherokee,1997,33165
413,Ninon,Glanville,nglanvillebg@booking.com,Mercedes-Benz,S-Class,1996,5302
414,Pamella,Tubritt,ptubrittbh@state.tx.us,Eagle,Talon,1994,9462
415,Sybyl,D'Ugo,sdugobi@oaic.gov.au,Chrysler,Concorde,1999,10236
416,Ole,Ketch,oketchbj@nifty.com,Nissan,Leaf,2012,29181
417,Bertie,Faux,bfauxbk@globo.com,Audi,90,1988,71806
418,Rickey,Schneidau,rschneidaubl@acquirethisname.com,Ford,Taurus,1996,33474
419,Darren,Charon,dcharonbm@domainmarket.com,BMW,M Roadster,2008,34400
420,Bria,Rowan,browanbn@illinois.edu,Isuzu,Trooper,2001,37346
421,Renault,Skirven,rskirvenbo@whitehouse.gov,Mazda,CX-7,2008,69863
422,Caroline,Kleinbaum,ckleinbaumbp@parallels.com,BMW,M3,2010,89728
423,Kit,Pittoli,kpittolibq@webmd.com,Chevrolet,Impala,2005,79664
424,Albertina,Sloss,aslossbr@studiopress.com,Chrysler,Town & Country,1997,21837
425,Correna,Gouinlock,cgouinlockbs@springer.com,Chevrolet,Express,2010,13406
426,Darcey,Orange,dorangebt@nationalgeographic.com,Buick,Riviera,1993,67011
427,Elwyn,Maypole,emaypolebu@miitbeian.gov.cn,Infiniti,QX56,2008,59313
428,Randell,Manthorpe,rmanthorpebv@blogtalkradio.com,Mercedes-Benz,G-Class,2010,9244
429,Kory,Martland,kmartlandbw@scientificamerican.com,Acura,TSX,2011,43909
430,Bennie,McGilvray,bmcgilvraybx@webmd.com,Honda,Fit,2007,36307
431,Henryetta,Matsell,hmatsellby@4shared.com,Mitsubishi,Endeavor,2004,8986
432,Neel,Brideau,nbrideaubz@howstuffworks.com,Dodge,Ram 3500,2010,59837
433,Renado,McKeurtan,rmckeurtanc0@buzzfeed.com,Volkswagen,Tiguan,2010,37089
434,Vidovik,Sissens,vsissensc1@yellowpages.com,Buick,LaCrosse,2011,91244
435,Crissie,Ritchings,critchingsc2@1688.com,Lexus,GS,1993,80749
436,Dalli,Glamart,dglamartc3@google.it,Ford,Econoline E250,1998,29732
437,Rodger,Scarrisbrick,rscarrisbrickc4@shinystat.com,Cadillac,CTS-V,2007,94474
438,Alysa,Skene,askenec5@aboutads.info,Mercury,Grand Marquis,1984,77051
439,Elmo,Sealy,esealyc6@linkedin.com,Mitsubishi,Eclipse,1989,77808
440,Marketa,Lewer,mlewerc7@harvard.edu,Mitsubishi,Pajero,1990,32942
441,Cointon,Rosina,crosinac8@opensource.org,Audi,R8,2010,92192
442,Auria,Lathey,alatheyc9@state.gov,Buick,Riviera,1989,26437
443,Mariquilla,Huertas,mhuertasca@spiegel.de,Infiniti,QX56,2010,95949
444,Catarina,Overell,coverellcb@nasa.gov,Chevrolet,Aveo,2009,31493
445,Anderson,Arenson,aarensoncc@google.com.br,Ford,E350,2004,65001
446,Gwenora,Ianniello,gianniellocd@joomla.org,Chrysler,Prowler,2001,54643
447,Enrika,Glidden,egliddence@twitpic.com,Dodge,Ram 50,1993,99661
448,Billie,McGilvra,bmcgilvracf@google.pl,Dodge,Ram Van 2500,1998,28202
449,Sallyann,Ead,seadcg@furl.net,Volvo,940,1992,62300
450,Whit,Gillebert,wgillebertch@bizjournals.com,Nissan,Quest,2000,24882
451,Rubi,Mardling,rmardlingci@narod.ru,Jaguar,XK,2007,21876
452,Diann,Bristoe,dbristoecj@un.org,Saturn,Ion,2003,46779
453,Giff,Firby,gfirbyck@behance.net,Land Rover,Defender Ice Edition,2010,10348
454,Chelsae,Ciccone,ccicconecl@discovery.com,Toyota,Sequoia,2009,61431
455,Kora,Jacquest,kjacquestcm@jigsy.com,Toyota,Matrix,2003,20976
456,Barn,Hazell,bhazellcn@va.gov,Kia,Rondo,2010,46302
457,Luciana,Kempton,lkemptonco@wisc.edu,Ford,Fusion,2013,45956
458,Minda,Hutson,mhutsoncp@irs.gov,Chevrolet,Cruze,2012,68417
459,Robena,Clash,rclashcq@godaddy.com,Chevrolet,HHR,2008,16934
460,Marshal,Batstone,mbatstonecr@wordpress.org,Toyota,MR2,1993,87730
461,Eleen,Pennetta,epennettacs@unicef.org,Mercury,Grand Marquis,2006,39380
462,Lane,Yurasov,lyurasovct@theglobeandmail.com,Ford,Focus,2001,51062
463,Laverne,Cattini,lcattinicu@google.es,Buick,Terraza,2006,51776
464,Cyrus,Baudi,cbaudicv@usda.gov,Mercedes-Benz,W126,1983,32719
465,Teodor,Randerson,trandersoncw@diigo.com,Jeep,Compass,2009,64596
466,Elayne,Crosoer,ecrosoercx@diigo.com,Chevrolet,Express 3500,2001,23331
467,Danika,Myrick,dmyrickcy@google.nl,Volkswagen,GTI,2011,67629
468,Marice,Goodban,mgoodbancz@msu.edu,Mercury,Milan,2007,85687
469,Willetta,Maletratt,wmaletrattd0@samsung.com,Lincoln,Aviator,2004,30784
470,Sela,Heams,sheamsd1@lulu.com,Nissan,Sentra,1991,33836
471,Mickie,Geary,mgearyd2@soundcloud.com,Suzuki,Grand Vitara,2011,32518
472,Tammie,Dybbe,tdybbed3@wp.com,Audi,A8,2012,49094
473,Ulric,Waddup,uwaddupd4@youtu.be,Chrysler,Pacifica,2008,61881
474,Bailie,Cogin,bcogind5@xrea.com,Honda,Accord,1992,14068
475,Uriah,Capehorn,ucapehornd6@mapquest.com,Mazda,Mazda6,2010,85094
476,Livia,Marder,lmarderd7@virginia.edu,Ford,F150,2012,66446
477,Melva,Hancill,mhancilld8@oaic.gov.au,Lexus,ES,1991,14750
478,Ronna,Stapford,rstapfordd9@wikipedia.org,Nissan,Stanza,1992,66386
479,Maxine,Vonderdell,mvonderdellda@stanford.edu,Isuzu,Axiom,2004,3462
480,Dionis,Beebe,dbeebedb@washingtonpost.com,Saab,9-5,2003,60327
481,Concordia,Mayworth,cmayworthdc@1688.com,Plymouth,Roadrunner,1969,97824
482,Shepard,Areles,sarelesdd@blogtalkradio.com,Subaru,Forester,2005,91010
483,Lonee,Ventum,lventumde@free.fr,Oldsmobile,Cutlass Cruiser,1993,2381
484,Gertruda,Ingarfill,gingarfilldf@naver.com,Volvo,C70,2007,85357
485,Chalmers,Spaight,cspaightdg@who.int,Ferrari,458 Italia,2010,17802
486,Yves,Chinnock,ychinnockdh@stumbleupon.com,Pontiac,Grand Am,1999,14772
487,Leshia,Welds,lweldsdi@mozilla.com,Chevrolet,Astro,1995,37838
488,Shirlee,Livesay,slivesaydj@twitter.com,Mercedes-Benz,M-Class,2002,69932
489,Estel,Tinham,etinhamdk@amazonaws.com,Ford,Bronco,1992,31962
490,Waldon,Jacobbe,wjacobbedl@bloglovin.com,Chevrolet,G-Series 2500,1997,74803
491,Hilario,Papis,hpapisdm@ed.gov,Kia,Sedona,2010,82828
492,Trstram,Kienzle,tkienzledn@answers.com,Chrysler,Town & Country,2001,2810
493,Frank,Madison,fmadisondo@army.mil,Honda,Civic,2009,63851
494,Thedrick,Piscotti,tpiscottidp@google.co.uk,Toyota,4Runner,2005,48427
495,Aigneis,Coutthart,acoutthartdq@nifty.com,Chrysler,Town & Country,2001,30702
496,Trueman,Tomasoni,ttomasonidr@cloudflare.com,GMC,Sierra,2010,14510
497,Ketti,Breakey,kbreakeyds@printfriendly.com,Chevrolet,Tracker,2004,75603
498,Jermain,O'Sculley,josculleydt@ihg.com,Toyota,Sequoia,2012,79826
499,Orton,Ricart,oricartdu@archive.org,Lincoln,Continental,1997,97841
500,Stephannie,Bresson,sbressondv@github.com,Bentley,Continental GTC,2009,62323
501,Fitz,Bierling,fbierlingdw@mysql.com,Morgan,Aero 8,2007,35953
502,Bat,Blayney,bblayneydx@boston.com,Audi,A8,2012,16859
503,Tera,Munkley,tmunkleydy@census.gov,Subaru,Forester,2002,34055
504,Fidel,Montrose,fmontrosedz@macromedia.com,Porsche,944,1989,22900
505,Rosaleen,Kosel,rkosele0@java.com,Ford,Laser,1988,29720
506,Marcelline,Decayette,mdecayettee1@ustream.tv,Audi,A3,2011,80483
507,Orren,Nagle,onaglee2@dagondesign.com,Jeep,Wrangler,1993,2820
508,Friedrick,Castellucci,fcastelluccie3@privacy.gov.au,Porsche,911,1988,66157
509,Tull,Bransgrove,tbransgrovee4@lulu.com,Honda,Odyssey,2012,11604
510,Elisa,Kynman,ekynmane5@bizjournals.com,Jaguar,XJ Series,2002,36694
511,Arnuad,Punyer,apunyere6@stanford.edu,Mercury,Villager,2000,84398
512,Ingrid,Crimp,icrimpe7@amazon.com,Nissan,Maxima,1992,98625
513,Malia,Clew,mclewe8@dion.ne.jp,Chevrolet,Tahoe,2011,97050
514,Briana,Loades,bloadese9@mapquest.com,Mazda,Mazda3,2008,44942
515,Alexandros,Figure,afigureea@time.com,Toyota,Tacoma,2007,57535
516,Giralda,Vossgen,gvossgeneb@bizjournals.com,Ford,Focus,2002,25210
517,Frankie,Dowbekin,fdowbekinec@example.com,Chevrolet,Tahoe,1998,83663
518,Editha,De Normanville,edenormanvilleed@fema.gov,Nissan,Altima,2013,33636
519,Aharon,Gavini,agaviniee@bandcamp.com,Hummer,H1,2004,90275
520,Jerry,Nendick,jnendickef@dropbox.com,Infiniti,G,2003,77203
521,Lorie,Puckring,lpuckringeg@cbslocal.com,Mercedes-Benz,E-Class,1997,94911
522,Moise,Detloff,mdetloffeh@shutterfly.com,Porsche,Boxster,2001,4058
523,Roxi,Spriggen,rspriggenei@ning.com,Suzuki,Swift,2001,36959
524,Giffy,Margetson,gmargetsonej@1und1.de,Dodge,Dakota Club,2006,83383
525,Mace,Dugmore,mdugmoreek@dyndns.org,Toyota,Corolla,2012,79922
526,Bella,Cotgrove,bcotgroveel@hc360.com,Ford,Mustang,1964,4331
527,Jeniece,Andrat,jandratem@spotify.com,GMC,Rally Wagon 3500,1992,4806
528,Thorstein,Occleshaw,toccleshawen@cargocollective.com,Honda,Passport,2002,4031
529,Mariele,Robertsson,mrobertssoneo@redcross.org,Suzuki,Grand Vitara,2000,20953
530,Fowler,Burnsyde,fburnsydeep@yellowpages.com,Mitsubishi,Cordia,1987,27958
531,Wilbur,Stevens,wstevenseq@walmart.com,Pontiac,Grand Am,1998,5158
532,Tracey,Whates,twhateser@nps.gov,Alfa Romeo,Spider,1993,84393
533,Zachary,Muslim,zmuslimes@ameblo.jp,Ford,Mustang,2011,93395
534,Lilias,Garfoot,lgarfootet@thetimes.co.uk,Ford,Fusion,2013,65357
535,Elonore,Spybey,espybeyeu@fda.gov,Scion,tC,2005,38475
536,Julianna,Loakes,jloakesev@xinhuanet.com,Isuzu,Amigo,1992,58277
537,Cary,Tribbeck,ctribbeckew@1und1.de,Lotus,Evora,2012,23295
538,Vikky,Gorden,vgordenex@ucla.edu,Chrysler,Sebring,2008,83524
539,Carrol,Bogace,cbogaceey@va.gov,GMC,Acadia,2007,62207
540,Piotr,Maplesden,pmaplesdenez@joomla.org,Pontiac,GTO,1974,87773
541,Rochelle,Lasseter,rlasseterf0@biglobe.ne.jp,Pontiac,Firebird,1993,47175
542,Lindy,Presland,lpreslandf1@patch.com,Subaru,Tribeca,2012,20711
543,Thoma,L'Episcopio,tlepiscopiof2@newsvine.com,Jaguar,XK,2007,20660
544,Maurise,Elix,melixf3@feedburner.com,Pontiac,Firebird Formula,1992,69553
545,Philis,Goodliffe,pgoodliffef4@bing.com,Chrysler,LeBaron,1993,79412
546,Laird,Dilger,ldilgerf5@yolasite.com,Mazda,CX-7,2012,29972
547,Kelly,Bickmore,kbickmoref6@google.de,Suzuki,Swift,2006,24927
548,Karin,Rivers,kriversf7@moonfruit.com,Nissan,Armada,2012,17885
549,Myrwyn,Grunnill,mgrunnillf8@arstechnica.com,Pontiac,Firebird,1996,99724
550,Minnie,Fairey,mfaireyf9@webmd.com,Jaguar,XJ Series,1994,60148
551,Loy,Luesley,lluesleyfa@msn.com,Toyota,MR2,1994,99468
552,Lars,Cypler,lcyplerfb@netscape.com,Ford,Expedition EL,2012,37126
553,Harper,Lumsdaine,hlumsdainefc@cloudflare.com,Ferrari,430 Scuderia,2008,89017
554,Herb,Aurelius,haureliusfd@ebay.co.uk,Pontiac,Aztek,2005,36657
555,Robbie,Dutson,rdutsonfe@livejournal.com,Saturn,VUE,2003,12855
556,Alexis,Tiplady,atipladyff@google.fr,GMC,2500,1992,89781
557,Mitchael,Pluthero,mplutherofg@china.com.cn,Honda,Ridgeline,2006,2064
558,Kalindi,Michelmore,kmichelmorefh@google.ca,Chrysler,Concorde,2002,39801
559,Carlin,McMyler,cmcmylerfi@pagesperso-orange.fr,Mercury,Cougar,2000,50827
560,Vale,Vakhrushev,vvakhrushevfj@china.com.cn,Toyota,Venza,2013,52383
561,Lance,Treadgear,ltreadgearfk@so-net.ne.jp,Dodge,Stratus,2006,9061
562,Sabina,Raiker,sraikerfl@php.net,Pontiac,Firefly,1987,4059
563,Norman,Denisovo,ndenisovofm@jigsy.com,Toyota,Avalon,2011,89001
564,Collen,Bramham,cbramhamfn@archive.org,Chevrolet,Monte Carlo,2007,23896
565,Mario,Barrand,mbarrandfo@g.co,Pontiac,GTO,1966,15716
566,Bryant,Gilbanks,bgilbanksfp@marriott.com,Mazda,Miata MX-5,2007,82789
567,Carissa,Curlis,ccurlisfq@jugem.jp,Ferrari,612 Scaglietti,2006,48863
568,Douglass,Stuttard,dstuttardfr@sun.com,Toyota,Land Cruiser,1994,24302
569,Aurlie,Brunone,abrunonefs@huffingtonpost.com,Buick,Reatta,1990,58691
570,Halie,Edgehill,hedgehillft@marriott.com,Toyota,RAV4,2002,40450
571,Barbey,Learmonth,blearmonthfu@stanford.edu,Porsche,968,1995,8524
572,Ardyth,Pingstone,apingstonefv@chron.com,Ford,Th!nk,2001,70525
573,Trueman,Brockman,tbrockmanfw@symantec.com,Honda,Accord,1993,86449
574,Yuma,Keinrat,ykeinratfx@tumblr.com,Chrysler,Concorde,2001,14312
575,Dominica,Matzen,dmatzenfy@amazonaws.com,Chrysler,Aspen,2009,92822
576,Haily,Pilger,hpilgerfz@list-manage.com,Kia,Sorento,2008,95962
577,Onfre,Godmer,ogodmerg0@smh.com.au,Infiniti,EX,2008,52136
578,Shane,Bance,sbanceg1@cnet.com,Hyundai,Scoupe,1994,62005
579,Kathi,Allott,kallottg2@icq.com,Bentley,Azure,2006,83030
580,Berton,Attlee,battleeg3@indiegogo.com,Mercury,Capri,1986,3234
581,Bil,Ogborne,bogborneg4@wordpress.com,Buick,Enclave,2010,72636
582,Jarvis,Bruyet,jbruyetg5@europa.eu,Plymouth,Sundance,1994,50177
583,Addy,Klimowski,aklimowskig6@last.fm,Buick,Century,1986,31091
584,Pen,Franzettoini,pfranzettoinig7@blogspot.com,Ford,Fiesta,2011,20444
585,Griswold,Jex,gjexg8@google.com.hk,Buick,Skylark,1995,46520
586,Erl,Braker,ebrakerg9@google.com,Volkswagen,Fox,1992,50415
587,Klaus,Martinez,kmartinezga@chronoengine.com,Volvo,XC70,2011,21569
588,Roselle,Beevors,rbeevorsgb@huffingtonpost.com,GMC,Yukon,2006,96609
589,Arlin,Everist,aeveristgc@webmd.com,Maserati,Biturbo,1984,19128
590,Floyd,Pogg,fpogggd@omniture.com,Ferrari,458 Italia,2012,23536
591,Danya,Winchcomb,dwinchcombge@free.fr,Lincoln,Continental Mark VII,1987,87163
592,Lyman,McNelis,lmcnelisgf@creativecommons.org,BMW,X5,2013,90057
593,Verne,Morrall,vmorrallgg@miitbeian.gov.cn,Chevrolet,Cavalier,1998,6049
594,Marleen,Melanaphy,mmelanaphygh@timesonline.co.uk,Jaguar,X-Type,2002,65821
595,Michal,Mulligan,mmulligangi@wsj.com,Audi,4000CS Quattro,1987,62097
596,Kylen,Adenet,kadenetgj@livejournal.com,Chevrolet,Tahoe,2002,50232
597,Saundra,Beachamp,sbeachampgk@taobao.com,Dodge,Dakota Club,2001,78766
598,Marley,Fordy,mfordygl@hp.com,Toyota,Highlander,2006,87720
599,Laney,Atte-Stone,lattestonegm@phpbb.com,Ferrari,FF,2012,63400
600,Bond,Branford,bbranfordgn@ebay.co.uk,GMC,3500 Club Coupe,1996,57242
601,Lauri,MacElholm,lmacelholmgo@hc360.com,Subaru,Legacy,2000,29174
602,Arlena,Sessions,asessionsgp@naver.com,Mitsubishi,Mirage,1985,82969
603,Neill,Catley,ncatleygq@angelfire.com,Ford,F350,2008,11915
604,Charlean,Dargie,cdargiegr@vimeo.com,Mitsubishi,Pajero,1991,77952
605,Ninette,Utridge,nutridgegs@about.com,Mazda,Millenia,1998,4273
606,Windy,Ardron,wardrongt@ucla.edu,Mitsubishi,Cordia,1987,51391
607,Corilla,Shreve,cshrevegu@g.co,Mercedes-Benz,M-Class,2006,80669
608,Nadine,Rucklidge,nrucklidgegv@skyrock.com,GMC,Sierra 3500,2011,63591
609,Artemis,Hostan,ahostangw@techcrunch.com,Dodge,Durango,2001,9270
610,Eb,Robinette,erobinettegx@macromedia.com,Chevrolet,Express 3500,1996,82531
611,Augustine,Terron,aterrongy@illinois.edu,GMC,Savana 2500,1997,35989
612,Morgun,Owlner,mowlnergz@phoca.cz,GMC,Savana 2500,2012,28773
613,Faustine,Boundley,fboundleyh0@dailymail.co.uk,Honda,S2000,2002,85549
614,Osmond,McRuvie,omcruvieh1@histats.com,Toyota,Corolla,2011,99500
615,Ricard,Rossander,rrossanderh2@tripadvisor.com,Ford,Flex,2009,85013
616,Frederik,Kezar,fkezarh3@japanpost.jp,Audi,TT,2000,50726
617,Carmon,Haith,chaithh4@g.co,Mitsubishi,Tredia,1984,42324
618,Sabrina,Diggons,sdiggonsh5@vkontakte.ru,Honda,Accord Crosstour,2011,34478
619,Rhetta,Biles,rbilesh6@cocolog-nifty.com,Jaguar,XK,2009,49013
620,Lillian,Coast,lcoasth7@freewebs.com,Mitsubishi,Galant,1994,32757
621,Anne,Neylon,aneylonh8@bravesites.com,BMW,X3,2009,27179
622,Missie,Heugh,mheughh9@smh.com.au,Lexus,HS,2012,77116
623,Karyn,Bodicum,kbodicumha@lulu.com,Pontiac,Bonneville,1984,78963
624,Rudd,Spowart,rspowarthb@whitehouse.gov,Mitsubishi,Truck,1991,76851
625,Rivy,Kelwaybamber,rkelwaybamberhc@census.gov,Plymouth,Colt,1994,4152
626,Iona,Hansel,ihanselhd@harvard.edu,Hummer,H3,2007,57072
627,Heath,Olivet,holivethe@de.vu,Ford,Aerostar,1986,99872
628,Mona,Flippini,mflippinihf@nba.com,BMW,M3,2010,44810
629,Eachelle,Eckersley,eeckersleyhg@mapquest.com,Acura,CL,1999,93813
630,Linzy,Dillow,ldillowhh@netlog.com,Mazda,Miata MX-5,2008,8617
631,Akim,Cronkshaw,acronkshawhi@senate.gov,Volkswagen,Passat,1992,87252
632,Georgie,Imrie,gimriehj@oaic.gov.au,GMC,Safari,1999,1653
633,Belle,Demonge,bdemongehk@webeden.co.uk,Lincoln,Aviator,2004,44735
634,Daniel,Riddett,driddetthl@pinterest.com,Hyundai,Genesis Coupe,2013,1941
635,Penny,Hagston,phagstonhm@hao123.com,Nissan,Maxima,1992,55853
636,Ulberto,Westby,uwestbyhn@fema.gov,Toyota,Tacoma,1997,5980
637,Norton,Hatrey,nhatreyho@rakuten.co.jp,Lincoln,Town Car,2004,91966
638,Jocelyn,Auty,jautyhp@biblegateway.com,Volvo,960,1994,15101
639,Dniren,Greer,dgreerhq@cargocollective.com,GMC,Sierra 3500,2004,55469
640,Georgia,Upham,guphamhr@vkontakte.ru,Bentley,Azure,2006,97733
641,Edna,Riding,eridinghs@miibeian.gov.cn,GMC,Savana 1500,1998,36520
642,Merrily,Brabender,mbrabenderht@wufoo.com,Ford,Taurus,2001,90635
643,Frankie,Tinklin,ftinklinhu@amazon.co.uk,Toyota,Matrix,2007,87942
644,Helsa,Canning,hcanninghv@altervista.org,Honda,Odyssey,1998,90771
645,Chelsy,Rigglesford,crigglesfordhw@wp.com,Toyota,Tundra,2000,30149
646,Aldis,Lamburn,alamburnhx@uol.com.br,Ford,Escort,1986,29361
647,Claude,Roundtree,croundtreehy@nsw.gov.au,Maserati,228,1990,11539
648,Matt,Jekel,mjekelhz@php.net,Ford,E-Series,1986,91050
649,Langsdon,Evennett,levennetti0@eventbrite.com,Ford,Explorer,1995,89688
650,Denny,Brougham,dbroughami1@desdev.cn,Chevrolet,Corvette,1959,33997
651,Geralda,Swadon,gswadoni2@ibm.com,Chevrolet,2500,1996,6411
652,Stormi,Sturrock,ssturrocki3@cnet.com,BMW,7 Series,2004,35751
653,Tallie,Ricciardi,tricciardii4@vinaora.com,Dodge,Viper,1999,39643
654,Gerhardine,Cardwell,gcardwelli5@linkedin.com,Honda,Accord,1983,97226
655,Trix,Grindell,tgrindelli6@blogger.com,Pontiac,6000,1986,90644
656,Myrle,O'Mullally,momullallyi7@macromedia.com,Chevrolet,Cavalier,1997,46184
657,Chelsey,Gascoyen,cgascoyeni8@rakuten.co.jp,Chevrolet,Silverado 2500,2012,30146
658,Petronia,Delion,pdelioni9@opensource.org,Buick,Electra,1989,40037
659,Coleman,Chatainier,cchatainieria@google.fr,Suzuki,Grand Vitara,2001,43999
660,Harald,Euesden,heuesdenib@quantcast.com,Toyota,Paseo,1996,45017
661,Dorise,Shurrock,dshurrockic@slideshare.net,Chevrolet,Monte Carlo,1996,41038
662,Manya,Perrelle,mperrelleid@unicef.org,Nissan,Quest,1996,74683
663,Merrielle,Ashall,mashallie@geocities.jp,Subaru,Justy,1989,36616
664,Lou,Cumberledge,lcumberledgeif@google.com.br,Hyundai,Elantra,1996,90796
665,Cedric,Meco,cmecoig@economist.com,Porsche,Boxster,1998,56945
666,Elsie,Kleinmintz,ekleinmintzih@earthlink.net,Infiniti,QX,1999,80163
667,Robbi,Seagar,rseagarii@theglobeandmail.com,BMW,7 Series,2007,92984
668,Angelika,Swiffin,aswiffinij@diigo.com,Cadillac,Escalade,2011,27528
669,Wells,Skews,wskewsik@reference.com,Jaguar,XJ Series,2003,42418
670,Devon,Edgars,dedgarsil@auda.org.au,Oldsmobile,Bravada,2001,3668
671,Luise,Jaxon,ljaxonim@marriott.com,Oldsmobile,Ciera,1995,42974
672,Kelila,Jimenez,kjimenezin@epa.gov,Oldsmobile,Silhouette,1999,40777
673,Hamil,Pigeon,hpigeonio@amazon.co.jp,Toyota,Prius,2010,90810
674,Annamarie,Duckworth,aduckworthip@cisco.com,Acura,TSX,2005,15662
675,Domenic,Joerning,djoerningiq@squidoo.com,Ford,Fiesta,2013,88654
676,Shirline,Wordesworth,swordesworthir@123-reg.co.uk,Pontiac,Firefly,1989,32985
677,Petunia,Winkle,pwinkleis@instagram.com,Jaguar,XJ,2006,13673
678,Petunia,Keggin,pkegginit@csmonitor.com,Saturn,VUE,2002,5637
679,Hettie,Mackerel,hmackereliu@slashdot.org,Chevrolet,G-Series 1500,1997,94811
680,Kacy,McSorley,kmcsorleyiv@g.co,GMC,3500,1998,30187
681,Manda,Eckersley,meckersleyiw@cbslocal.com,GMC,Savana 1500,2009,96980
682,Burton,Smidmore,bsmidmoreix@about.me,GMC,Suburban 2500,1994,78364
683,Felice,Bilt,fbiltiy@sourceforge.net,Volkswagen,Cabriolet,2002,86914
684,Linnea,Ginger,lgingeriz@wufoo.com,Volvo,S40,2003,75464
685,Paulie,Ivimey,pivimeyj0@bizjournals.com,Land Rover,Defender 90,1994,72146
686,Briney,Beharrell,bbeharrellj1@paypal.com,Buick,Regal,1986,86653
687,Lanny,Stirgess,lstirgessj2@ning.com,Lincoln,MKT,2013,37020
688,Barnie,Blanchflower,bblanchflowerj3@va.gov,Chevrolet,Metro,1999,97918
689,Marlon,Ellgood,mellgoodj4@homestead.com,BMW,3 Series,1997,93183
690,Janelle,Carryer,jcarryerj5@sbwire.com,Volkswagen,Passat,1988,58314
691,Glad,Marrington,gmarringtonj6@bizjournals.com,GMC,2500 Club Coupe,1994,62514
692,Mona,Brabon,mbrabonj7@chron.com,Volkswagen,GTI,2003,4448
693,Norry,Kasher,nkasherj8@nymag.com,Ford,Probe,1996,63119
694,Addi,Watchorn,awatchornj9@wiley.com,Chevrolet,Venture,2000,28782
695,Gabbi,Pocklington,gpocklingtonja@vk.com,Ford,Thunderbird,2002,74476
696,Marlena,Wattam,mwattamjb@edublogs.org,Suzuki,SJ,1991,57834
697,Jonie,Bows,jbowsjc@google.co.uk,Subaru,Leone,1986,41372
698,Alyss,Gumby,agumbyjd@google.com.au,Dodge,Ram 2500,2006,69778
699,Dexter,Tyson,dtysonje@ca.gov,Dodge,Charger,2010,66827
700,Rivy,Arnaut,rarnautjf@berkeley.edu,Buick,Century,1993,67148
701,Marylee,Felce,mfelcejg@globo.com,Subaru,Baja,2005,35885
702,Austin,Gold,agoldjh@hud.gov,Toyota,Tundra,2010,73469
703,Maybelle,Dulwitch,mdulwitchji@meetup.com,Isuzu,VehiCROSS,2000,94883
704,Biddy,Toleman,btolemanjj@loc.gov,Honda,Civic,2007,7486
705,Ingeborg,Kovalski,ikovalskijk@mozilla.com,Honda,Civic,1989,63435
706,Darline,Chiechio,dchiechiojl@ow.ly,Chevrolet,Tahoe,2007,20058
707,Job,Filipchikov,jfilipchikovjm@bloglines.com,Toyota,Corolla,1995,92157
708,Nanete,Sellens,nsellensjn@360.cn,Cadillac,Escalade,2004,5632
709,Stanford,Zanassi,szanassijo@live.com,Mitsubishi,GTO,1999,28498
710,Zilvia,Slatford,zslatfordjp@sakura.ne.jp,Dodge,D350 Club,1992,97774
711,Tarrah,Hallowes,thallowesjq@mlb.com,Mazda,MX-6,1993,78438
712,Modesta,Huck,mhuckjr@opera.com,Mercury,Grand Marquis,1987,85511
713,Flemming,Gerhold,fgerholdjs@chronoengine.com,GMC,Savana 3500,2002,57814
714,Corny,Besset,cbessetjt@springer.com,Toyota,Echo,2003,23071
715,Jeanette,Gantzman,jgantzmanju@blinklist.com,Cadillac,STS-V,2009,59579
716,Guy,Piolli,gpiollijv@digg.com,Hummer,H2,2007,16698
717,Forrester,Dorant,fdorantjw@homestead.com,Ford,Mustang,1973,94544
718,Annabell,Cornier,acornierjx@about.me,Volkswagen,Tiguan,2012,51871
719,Helenka,Belle,hbellejy@merriam-webster.com,Dodge,Ram Van B150,1993,31329
720,Alexandr,Sexcey,asexceyjz@illinois.edu,Ford,Thunderbird,1980,14228
721,Lauree,Stopford,lstopfordk0@google.it,Mitsubishi,Chariot,1986,97961
722,Sherye,Brussels,sbrusselsk1@boston.com,Land Rover,Discovery,1994,68190
723,Lorne,Vanderson,lvandersonk2@tinyurl.com,Mazda,Mazda3,2008,23503
724,Lorinda,Gratrix,lgratrixk3@yellowbook.com,Dodge,Ram 3500,2005,99839
725,Waneta,Foot,wfootk4@hud.gov,GMC,Envoy XL,2005,13039
726,Kearney,Cromar,kcromark5@adobe.com,Mercury,Cougar,2001,88980
727,Chiarra,Eason,ceasonk6@acquirethisname.com,Chevrolet,Malibu,2010,96978
728,Broddy,Chumley,bchumleyk7@discovery.com,Bentley,Azure,2010,88964
729,Curr,Inman,cinmank8@usda.gov,Nissan,Murano,2012,98664
730,Barbee,Climson,bclimsonk9@comcast.net,Infiniti,G,2002,12155
731,Flo,Di Maggio,fdimaggioka@prlog.org,Mazda,Mazda5,2006,26853
732,Cosette,Sutty,csuttykb@scribd.com,Volkswagen,Jetta III,1994,81230
733,Kirby,Feedham,kfeedhamkc@ovh.net,Acura,MDX,2008,35064
734,Faina,Giorgi,fgiorgikd@a8.net,Chevrolet,Suburban 1500,1995,67871
735,Irma,Scalera,iscalerake@dion.ne.jp,Chevrolet,Silverado 2500,2011,51380
736,Hertha,Navarre,hnavarrekf@google.com.br,Lamborghini,Diablo,1995,98012
737,Kev,Drewe,kdrewekg@merriam-webster.com,Mercury,Topaz,1987,11372
738,Frazer,Ollerenshaw,follerenshawkh@shareasale.com,Chrysler,Town & Country,2006,66257
739,Hobard,Potteridge,hpotteridgeki@wikimedia.org,Mercedes-Benz,300D,1992,58717
740,Gwyneth,Steljes,gsteljeskj@apple.com,Chevrolet,G-Series 3500,1998,25339
741,Bernadette,Wilshin,bwilshinkk@phpbb.com,Oldsmobile,88,1996,18801
742,Lucius,Niland,lnilandkl@samsung.com,Infiniti,G,2011,71279
743,Clayson,Valler,cvallerkm@timesonline.co.uk,GMC,Yukon,1998,60669
744,Denise,Worboy,dworboykn@smugmug.com,Lamborghini,Countach,1988,62820
745,Ethelbert,Attride,eattrideko@harvard.edu,Mitsubishi,Eclipse,2001,49728
746,Jo-anne,Mervyn,jmervynkp@shinystat.com,Saab,9-3,2005,4956
747,Guinna,McLeoid,gmcleoidkq@ftc.gov,Chrysler,Pacifica,2007,83166
748,Jada,Chaney,jchaneykr@businessinsider.com,Ford,Courier,1986,72866
749,Fancy,Lotte,flotteks@sourceforge.net,Pontiac,Gemini,1989,43040
750,Findley,Sarney,fsarneykt@cam.ac.uk,Mercedes-Benz,C-Class,1993,81774
751,Guenevere,Farraway,gfarrawayku@aol.com,Ford,Escort,1990,39068
752,Pier,Bilham,pbilhamkv@bing.com,Chevrolet,Express 3500,1996,46291
753,Patience,Kilbourne,pkilbournekw@telegraph.co.uk,Oldsmobile,Achieva,1996,48168
754,Reiko,Sumpton,rsumptonkx@virginia.edu,Volvo,850,1993,78328
755,Nanette,Parkyns,nparkynsky@ocn.ne.jp,Mitsubishi,Mirage,1995,35866
756,Idell,Stroulger,istroulgerkz@addtoany.com,Chevrolet,Classic,2005,32510
757,Wilton,Peirone,wpeironel0@smh.com.au,Toyota,Avalon,2008,41539
758,Gerda,Minucci,gminuccil1@instagram.com,Audi,Q5,2009,4226
759,Lemar,Goodrick,lgoodrickl2@fotki.com,Dodge,Durango,1999,12611
760,Mellisent,Lannon,mlannonl3@house.gov,MINI,Countryman,2012,55079
761,Angeli,Ganforthe,aganforthel4@jimdo.com,Mercury,Sable,1993,99125
762,Guillaume,Bizzey,gbizzeyl5@abc.net.au,Oldsmobile,Alero,2002,38891
763,Val,Attrey,vattreyl6@pbs.org,Audi,Q7,2008,46568
764,Viviana,McCulley,vmcculleyl7@infoseek.co.jp,Chrysler,Crossfire,2006,4119
765,Blondy,Staner,bstanerl8@livejournal.com,Mercedes-Benz,C-Class,2000,5337
766,Van,MacCourt,vmaccourtl9@youtube.com,Mitsubishi,Raider,2008,4337
767,Murdoch,Perez,mperezla@wunderground.com,MINI,Cooper,2006,84828
768,Dewitt,Duffil,dduffillb@senate.gov,Acura,Vigor,1992,95487
769,Ashia,Newlands,anewlandslc@time.com,Subaru,Loyale,1992,1338
770,Kaine,Guerrieri,kguerrierild@eventbrite.com,Chevrolet,Aveo,2006,16980
771,Corine,Jumel,cjumelle@prlog.org,Chevrolet,Express 3500,1997,18700
772,Kirby,Axe,kaxelf@blogspot.com,Mitsubishi,Eclipse,2009,71135
773,Hamil,Ritchie,hritchielg@surveymonkey.com,Mitsubishi,Mirage,1991,99451
774,Vere,Denney,vdenneylh@vk.com,Oldsmobile,Cutlass Cruiser,1993,33415
775,Bastian,Blackett,bblackettli@prlog.org,Porsche,Boxster,2003,36764
776,Reeba,Brownfield,rbrownfieldlj@so-net.ne.jp,Dodge,Charger,2007,43317
777,Niels,Boundey,nboundeylk@columbia.edu,GMC,Sonoma,1998,25702
778,Glyn,Crowe,gcrowell@yellowbook.com,BMW,X6,2008,58855
779,Jacklyn,Broadley,jbroadleylm@nasa.gov,Buick,Reatta,1990,2137
780,Lacie,Le Quesne,llequesneln@cbsnews.com,Porsche,Boxster,2011,33928
781,Carolyne,Wildblood,cwildbloodlo@dion.ne.jp,Volkswagen,Passat,1988,61148
782,Toni,Lillistone,tlillistonelp@adobe.com,Dodge,Caravan,2007,23357
783,Katrinka,Gillopp,kgillopplq@163.com,Honda,Accord,2006,6302
784,Kayne,Lightowlers,klightowlerslr@telegraph.co.uk,Buick,Riviera,1988,46771
785,Sheilakathryn,Staries,sstariesls@yahoo.com,Shelby,GT500,1968,7265
786,Linette,McCorkindale,lmccorkindalelt@army.mil,Ford,Fusion,2010,34287
787,Catherine,Maxstead,cmaxsteadlu@sbwire.com,Hummer,H1,1999,38541
788,Rolph,Kneesha,rkneeshalv@people.com.cn,Chevrolet,2500,1997,81882
789,Martainn,O'Fairy,mofairylw@pen.io,Subaru,SVX,1992,65032
790,Farra,Renackowna,frenackownalx@redcross.org,Mazda,323,1992,7578
791,Gabie,Wein,gweinly@nymag.com,Buick,Regal,1990,29649
792,Leupold,Bonaire,lbonairelz@naver.com,Toyota,Prius c,2012,87647
793,Audrye,Capelow,acapelowm0@tmall.com,Chevrolet,Tahoe,2009,46947
794,Hannie,Cuniam,hcuniamm1@sciencedirect.com,Kia,Amanti,2005,15628
795,Irina,Bradane,ibradanem2@gnu.org,BMW,3 Series,1999,64346
796,Olly,Wagerfield,owagerfieldm3@auda.org.au,Jeep,Grand Cherokee,2005,49351
797,Klarika,Hallifax,khallifaxm4@ted.com,Volvo,S60,2004,85936
798,Burty,Bangle,bbanglem5@cam.ac.uk,GMC,Yukon,2007,48255
799,Silvie,Greenrde,sgreenrdem6@godaddy.com,Dodge,Stealth,1995,50601
800,Goraud,Greenalf,ggreenalfm7@illinois.edu,Chevrolet,Impala,2007,3344
801,Sumner,Musterd,smusterdm8@google.ca,Dodge,Grand Caravan,2000,82471
802,Sasha,Pattillo,spattillom9@spiegel.de,Toyota,Previa,1992,62744
803,Karim,Souley,ksouleyma@issuu.com,Mercedes-Benz,E-Class,1992,1483
804,Parker,Diggell,pdiggellmb@bloglovin.com,Pontiac,Sunbird,1988,17380
805,Hercules,Balbeck,hbalbeckmc@businessweek.com,Mazda,MX-6,1996,52546
806,Ramona,Colmer,rcolmermd@histats.com,Mercury,Villager,1995,85408
807,Bruno,Betser,bbetserme@macromedia.com,Mercury,Topaz,1993,84329
808,Olag,Anselmi,oanselmimf@answers.com,Pontiac,GTO,1969,84010
809,Howey,Giblett,hgiblettmg@blogger.com,Mercury,Cougar,2001,33336
810,Carlin,Jonah,cjonahmh@oaic.gov.au,BMW,8 Series,1992,17787
811,Janenna,Balsillie,jbalsilliemi@e-recht24.de,Volkswagen,Golf,2003,43474
812,Florian,Kmicicki,fkmicickimj@mozilla.org,Mercedes-Benz,CL65 AMG,2009,5880
813,Jorrie,Vitall,jvitallmk@ucla.edu,Mitsubishi,Precis,1986,47778
814,Theodoric,Dyott,tdyottml@aol.com,Porsche,Cayenne,2013,34593
815,Chauncey,Cropp,ccroppmm@drupal.org,Chrysler,Fifth Ave,1992,78852
816,Shurlocke,Gadman,sgadmanmn@sitemeter.com,Volkswagen,Rabbit,2010,34729
817,Adel,Reyner,areynermo@spotify.com,Chevrolet,Malibu,2003,25044
818,Mano,Staves,mstavesmp@comcast.net,Ford,F350,2011,14977
819,Haywood,Sancraft,hsancraftmq@mapquest.com,Chevrolet,Camaro,1967,77392
820,Clemmie,Bristo,cbristomr@ask.com,Maybach,Landaulet,2011,80347
821,Ashlie,Loosely,alooselyms@hhs.gov,Lincoln,Mark VIII,1994,49112
822,Salvador,Cadwaladr,scadwaladrmt@wunderground.com,Volkswagen,Routan,2010,84626
823,Killie,Cristofanini,kcristofaninimu@latimes.com,Ford,Taurus,1994,43427
824,Cody,Bollon,cbollonmv@de.vu,Dodge,Ram 2500,1996,56261
825,Maryanne,Plail,mplailmw@nps.gov,Suzuki,Kizashi,2012,33800
826,Hinda,Ashfield,hashfieldmx@163.com,Pontiac,GTO,1969,36569
827,Teressa,Gaywood,tgaywoodmy@twitpic.com,Ford,Escape,2000,89981
828,Gill,Craufurd,gcraufurdmz@unicef.org,Mercury,Marquis,1985,78474
829,Christi,Kennsley,ckennsleyn0@prlog.org,Mazda,Mazdaspeed 3,2010,36298
830,Garrick,Hrihorovich,ghrihorovichn1@biblegateway.com,Infiniti,EX,2012,71368
831,Lancelot,MacCafferky,lmaccafferkyn2@nasa.gov,Toyota,Yaris,2007,5001
832,Winny,Jinkinson,wjinkinsonn3@columbia.edu,Kia,Rondo,2009,95696
833,Ardelis,Lanceley,alanceleyn4@reuters.com,Chevrolet,Caprice,1996,7796
834,Fletch,Bissett,fbissettn5@usgs.gov,Kia,Amanti,2009,11875
835,Lurlene,Diggins,ldigginsn6@clickbank.net,Ford,Mustang,1998,46538
836,Adamo,Chapelle,achapellen7@wikia.com,Subaru,Forester,1998,89664
837,Auroora,Calveley,acalveleyn8@tinyurl.com,Honda,Ridgeline,2007,97996
838,Minna,Maynell,mmaynelln9@tinypic.com,Saturn,VUE,2009,1137
839,Averill,Lacase,alacasena@theatlantic.com,Saab,9-5,2005,68692
840,Robin,Rutherfoord,rrutherfoordnb@comsenz.com,Nissan,350Z Roadster,2006,1059
841,Laurel,Linning,llinningnc@latimes.com,Mercedes-Benz,E-Class,1991,38429
842,Joeann,Twidale,jtwidalend@biblegateway.com,Subaru,Justy,1991,96068
843,Milton,Crispin,mcrispinne@craigslist.org,Cadillac,STS-V,2006,41137
844,Corrinne,Hardware,chardwarenf@123-reg.co.uk,Mercedes-Benz,E-Class,2003,3486
845,Winthrop,Buckett,wbuckettng@irs.gov,Jeep,Cherokee,2000,45356
846,Caroline,Avey,caveynh@webnode.com,Chevrolet,Suburban 2500,2001,39794
847,Miner,Andryushin,mandryushinni@cdbaby.com,Mitsubishi,Mirage,1991,79729
848,Felicdad,Wasson,fwassonnj@bbc.co.uk,Lexus,LX,2000,77047
849,Rafa,Moran,rmorannk@state.tx.us,Ford,Econoline E150,1993,22542
850,Ramsay,Bromwich,rbromwichnl@rakuten.co.jp,Chrysler,PT Cruiser,2010,79720
851,Zaccaria,Stowgill,zstowgillnm@opera.com,Mercury,Lynx,1986,95984
852,Martynne,Maraga,mmaragann@mapquest.com,Infiniti,M,2008,32951
853,Jedediah,Beggin,jbegginno@statcounter.com,BMW,3 Series,1994,30522
854,Carmon,Grinishin,cgrinishinnp@howstuffworks.com,Buick,Enclave,2012,28788
855,Keir,Nelles,knellesnq@cmu.edu,Cadillac,Seville,2003,58603
856,Harmony,Kleinhandler,hkleinhandlernr@dion.ne.jp,Ford,Ranger,2007,2798
857,Liva,Highwood,lhighwoodns@123-reg.co.uk,Chrysler,Concorde,1993,9085
858,Jermaine,Daveren,jdaverennt@webmd.com,Ford,F250,1992,55740
859,Ajay,Radin,aradinnu@flickr.com,Porsche,Boxster,2002,80800
860,Flora,Heber,fhebernv@washingtonpost.com,Alfa Romeo,164,1992,63343
861,Ardeen,Pedycan,apedycannw@bing.com,Pontiac,Grand Prix,2001,93448
862,Jerome,Petrishchev,jpetrishchevnx@xinhuanet.com,Dodge,Avenger,2012,87155
863,Randy,Willavize,rwillavizeny@phpbb.com,Pontiac,Grand Prix,1986,39778
864,Edita,Sand,esandnz@cam.ac.uk,Mazda,Mazda6,2010,33865
865,Adele,Northidge,anorthidgeo0@live.com,Chevrolet,2500,2000,44916
866,Judye,Kundt,jkundto1@hibu.com,Volkswagen,Jetta,2000,66481
867,Kaile,Humbert,khumberto2@51.la,Chevrolet,Venture,2001,9835
868,Louise,Tresise,ltresiseo3@infoseek.co.jp,Chrysler,Prowler,2001,60913
869,Romola,Mountney,rmountneyo4@arizona.edu,Cadillac,Fleetwood,1954,14888
870,Kerri,Vivian,kviviano5@census.gov,Toyota,Sequoia,2004,11338
871,Ofella,Tipple,otippleo6@cdbaby.com,Mercedes-Benz,M-Class,1998,19335
872,Coleman,Bradnick,cbradnicko7@loc.gov,Lamborghini,Gallardo,2007,24722
873,Kippie,Asquith,kasquitho8@google.ru,Volkswagen,Scirocco,1987,86676
874,Edsel,Pennetti,epennettio9@tumblr.com,GMC,Savana 2500,2005,80100
875,Elwin,Lannon,elannonoa@amazonaws.com,BMW,5 Series,1994,83009
876,Salvador,Padell,spadellob@prweb.com,Chevrolet,Lumina,1995,50176
877,Osborn,Alldis,oalldisoc@kickstarter.com,Toyota,Avalon,1997,53699
878,Raimund,Ough,roughod@tmall.com,Mercedes-Benz,C-Class,1996,73252
879,Nicol,Lemoir,nlemoiroe@phpbb.com,Bentley,Continental GT,2006,25244
880,Grazia,Hughf,ghughfof@networksolutions.com,Chevrolet,Suburban 2500,1995,48237
881,Lindsy,Chilcott,lchilcottog@hubpages.com,Honda,Odyssey,2008,8485
882,Obidiah,Twede,otwedeoh@facebook.com,Volvo,C30,2011,16568
883,Nicko,Steade,nsteadeoi@geocities.jp,Mercedes-Benz,500E,1993,48005
884,Kial,Boss,kbossoj@webmd.com,Suzuki,Reno,2007,7229
885,Koralle,Bool,kboolok@imdb.com,Isuzu,Trooper,1999,78035
886,Jacki,Bysshe,jbyssheol@ibm.com,Chevrolet,Express 2500,2012,37467
887,Gunar,Janu,gjanuom@mapquest.com,Jaguar,XK Series,1999,4464
888,Rickard,Greenhouse,rgreenhouseon@creativecommons.org,Honda,Civic,1992,49303
889,Moss,Woodwing,mwoodwingoo@bloglovin.com,Hyundai,Veracruz,2011,7783
890,Danice,How,dhowop@usnews.com,BMW,3 Series,2002,26421
891,Sianna,Mayow,smayowoq@ihg.com,Lexus,SC,2009,66306
892,Fletch,Simeons,fsimeonsor@pinterest.com,Mazda,MPV,1993,35569
893,Holmes,Warboy,hwarboyos@i2i.jp,BMW,5 Series,2003,2751
894,Myriam,Janowski,mjanowskiot@state.tx.us,Pontiac,Grand Prix,1975,73323
895,Nerty,Spottiswoode,nspottiswoodeou@photobucket.com,Toyota,Sienna,2008,53449
896,Rabi,Ratlee,rratleeov@mtv.com,Volvo,S70,1998,83579
897,Piotr,Tuxwell,ptuxwellow@xinhuanet.com,Mazda,B-Series,1986,45615
898,Ronalda,Mully,rmullyox@cdbaby.com,Mitsubishi,Truck,1993,41262
899,Rollins,Hubble,rhubbleoy@shinystat.com,Nissan,Quest,1995,54882
900,Mercy,Habbal,mhabbaloz@statcounter.com,Acura,Integra,1999,4203
901,Maximo,Langeren,mlangerenp0@ifeng.com,Kia,Optima,2004,90060
902,Rurik,Iddy,riddyp1@theatlantic.com,Hyundai,Tiburon,2000,62129
903,Pren,Bayston,pbaystonp2@angelfire.com,Pontiac,Firebird,1967,39198
904,Raffaello,Guerriero,rguerrierop3@pinterest.com,Toyota,Celica,1996,82016
905,Teador,Knellen,tknellenp4@usgs.gov,Ford,Windstar,1998,88431
906,Arly,Claworth,aclaworthp5@xing.com,Chevrolet,Sportvan G20,1995,91105
907,Kerstin,Pelos,kpelosp6@infoseek.co.jp,Porsche,944,1985,69654
908,Rollins,Cowen,rcowenp7@vimeo.com,BMW,M5,2008,32762
909,Laurent,Jiroutek,ljiroutekp8@mozilla.org,Saturn,Outlook,2008,61469
910,Noellyn,Grendon,ngrendonp9@yale.edu,Toyota,Sienna,2005,4197
911,Olimpia,Biasioli,obiasiolipa@hud.gov,Suzuki,Daewoo Lacetti,2007,73947
912,Pavia,Kamena,pkamenapb@hibu.com,Pontiac,G6,2008,69532
913,Trenna,Edsell,tedsellpc@wufoo.com,Audi,A6,2009,6100
914,Adams,Cluelow,acluelowpd@themeforest.net,Suzuki,Reno,2008,17367
915,Dulcia,Dumberell,ddumberellpe@si.edu,Chevrolet,Camaro,1969,57427
916,Val,Biaggelli,vbiaggellipf@go.com,Volvo,XC90,2010,46111
917,Foss,Predohl,fpredohlpg@google.co.uk,Chevrolet,Cavalier,1998,26119
918,Quintina,Courtin,qcourtinph@woothemes.com,Chevrolet,Cruze,2011,63688
919,Angelia,Cowdroy,acowdroypi@ifeng.com,Volkswagen,Golf III,1995,36305
920,Liam,Fruin,lfruinpj@abc.net.au,Hummer,H2,2007,70122
921,Nikos,Bentson,nbentsonpk@utexas.edu,Honda,Accord,1999,61536
922,Jodi,Dabernott,jdabernottpl@example.com,Mazda,Miata MX-5,2002,55717
923,Valencia,Oates,voatespm@cbsnews.com,Mitsubishi,Chariot,1991,86641
924,Blythe,Frantzen,bfrantzenpn@soundcloud.com,Volvo,XC70,2004,81928
925,Jordan,Kurtis,jkurtispo@vimeo.com,Chrysler,Town & Country,2001,99135
926,Wittie,Stovine,wstovinepp@nationalgeographic.com,Volkswagen,New Beetle,1999,37021
927,Darbee,Wallington,dwallingtonpq@salon.com,Honda,Passport,1997,67807
928,Amabelle,Manston,amanstonpr@virginia.edu,Chevrolet,G-Series 1500,1996,30564
929,Arleen,Carrier,acarrierps@qq.com,Ford,Econoline E250,2002,56795
930,Judah,Bourgour,jbourgourpt@businessinsider.com,Cadillac,DeVille,1994,80073
931,Perri,Lomasny,plomasnypu@cyberchimps.com,Volvo,960,1996,54755
932,Cyndy,Dobble,cdobblepv@opera.com,Ford,Tempo,1994,60516
933,Whitney,Winters,wwinterspw@seesaa.net,Subaru,Baja,2004,93055
934,Ede,Horbath,ehorbathpx@ebay.co.uk,Toyota,Celica,1983,66078
935,Diannne,Floyde,dfloydepy@usatoday.com,Saab,900,1990,61670
936,Honor,MacGilpatrick,hmacgilpatrickpz@weibo.com,BMW,M3,2002,32654
937,Joachim,Sturzaker,jsturzakerq0@photobucket.com,Subaru,Impreza,1995,88122
938,Gilberta,Saywell,gsaywellq1@wsj.com,Mercedes-Benz,SLS AMG,2012,86921
939,Sharyl,Goldsmith,sgoldsmithq2@fastcompany.com,Toyota,Tacoma Xtra,1996,85282
940,Muire,Stollwerck,mstollwerckq3@sbwire.com,Toyota,Prius,2002,51838
941,Maureen,Dibling,mdiblingq4@springer.com,Lincoln,Town Car,2004,5122
942,Ardeen,Bauser,abauserq5@google.com.au,Chevrolet,Corvette,2003,5310
943,Clair,Skeffington,cskeffingtonq6@bandcamp.com,BMW,745,2005,93253
944,Roda,Huleatt,rhuleattq7@macromedia.com,Porsche,Cayman,2012,28966
945,Fiona,Barents,fbarentsq8@seattletimes.com,Chrysler,Town & Country,1994,45717
946,Joan,Madgin,jmadginq9@archive.org,Jaguar,XK,2009,89583
947,Zacharia,Cumine,zcumineqa@tuttocitta.it,Mercedes-Benz,M-Class,2009,24399
948,Venus,Gynni,vgynniqb@youtu.be,GMC,Savana 1500,2006,85954
949,Gaylord,Ducker,gduckerqc@ustream.tv,Pontiac,Grand Prix,2000,29184
950,Hilda,Langtry,hlangtryqd@blogtalkradio.com,Kia,Sephia,1996,24252
951,Grethel,Capsey,gcapseyqe@ted.com,GMC,Yukon Denali,2000,6879
952,Cynthia,Bunkle,cbunkleqf@tuttocitta.it,Aston Martin,Vantage,2008,42342
953,Nikolai,Sisey,nsiseyqg@livejournal.com,Mazda,Mazda6,2006,84372
954,Darbee,Crankhorn,dcrankhornqh@seattletimes.com,Rolls-Royce,Phantom,2008,90118
955,Virginie,Alenichicov,valenichicovqi@cmu.edu,Mazda,MX-3,1992,76977
956,Minnnie,Andriveaux,mandriveauxqj@bing.com,Lincoln,Navigator,2003,57182
957,Thurston,Tamburo,ttamburoqk@dailymail.co.uk,GMC,Yukon XL 2500,2001,43783
958,Venita,Doret,vdoretql@sciencedaily.com,Ferrari,599 GTB Fiorano,2010,41073
959,Francklyn,Baudesson,fbaudessonqm@cnbc.com,GMC,Suburban 1500,1999,34306
960,Simon,Perschke,sperschkeqn@ft.com,Pontiac,Firebird,2002,35955
961,Haze,McLewd,hmclewdqo@bizjournals.com,Mercedes-Benz,C-Class,1993,28131
962,Ulises,Hulson,uhulsonqp@zdnet.com,Mercury,Cougar,1994,48298
963,Esmeralda,Delafont,edelafontqq@tmall.com,Toyota,Ipsum,2000,79003
964,Joni,Mecco,jmeccoqr@unblog.fr,Hyundai,Santa Fe,2005,22331
965,Auroora,Landor,alandorqs@cafepress.com,Chevrolet,Camaro,1968,6182
966,Jemmie,Quigg,jquiggqt@edublogs.org,Volkswagen,Eurovan,1997,89102
967,Brandi,Grossman,bgrossmanqu@princeton.edu,Chrysler,Voyager,2003,59539
968,Conrade,Greated,cgreatedqv@trellian.com,Volkswagen,Eos,2007,79688
969,Debera,Lynock,dlynockqw@lycos.com,Lotus,Exige,2012,21566
970,Charin,Spawton,cspawtonqx@unc.edu,Volkswagen,GTI,1988,98360
971,Gizela,Kilminster,gkilminsterqy@artisteer.com,Cadillac,DeVille,1994,39797
972,Baxie,Tolotti,btolottiqz@de.vu,Oldsmobile,Alero,2003,48697
973,Sascha,Geraudel,sgeraudelr0@hao123.com,Mitsubishi,Pajero,1994,65657
974,Heather,Caustick,hcaustickr1@berkeley.edu,Mercedes-Benz,GL-Class,2011,5269
975,Carolus,Byford,cbyfordr2@imdb.com,Mitsubishi,Mirage,1987,6787
976,Weston,Ronchi,wronchir3@pagesperso-orange.fr,Land Rover,Discovery,1995,12919
977,Golda,Kassidy,gkassidyr4@rakuten.co.jp,Dodge,Grand Caravan,1994,58523
978,Dorella,Jeremaes,djeremaesr5@patch.com,Chevrolet,Suburban 1500,2002,43774
979,Keely,Andrzejczak,kandrzejczakr6@dailymail.co.uk,Dodge,Ram,2007,51935
980,Melony,Riseborough,mriseboroughr7@netscape.com,Volkswagen,Corrado,1991,35776
981,Edythe,Massy,emassyr8@ucsd.edu,Mercury,Capri,1991,10822
982,Lombard,Marquet,lmarquetr9@arstechnica.com,Nissan,Quest,2011,44526
983,Lesley,Ratlee,lratleera@harvard.edu,Saturn,L-Series,2002,55151
984,Eberhard,De Mico,edemicorb@blinklist.com,Volvo,XC90,2006,55808
985,Bernardo,Stratford,bstratfordrc@fc2.com,Dodge,Ram Wagon B150,1993,9346
986,Skipton,Stacey,sstaceyrd@bravesites.com,Nissan,240SX,1992,50641
987,Rickard,Grayne,rgraynere@sogou.com,Toyota,Camry,2010,90189
988,Esme,Parratt,eparrattrf@tiny.cc,Ford,Probe,1997,73165
989,Daryn,Gai,dgairg@w3.org,Bentley,Arnage,2007,78586
990,Stormy,Delort,sdelortrh@w3.org,Pontiac,Grand Prix,2008,70527
991,Frederic,Palek,fpalekri@nydailynews.com,Cadillac,STS-V,2009,26976
992,Jonas,Vipan,jvipanrj@imageshack.us,Chevrolet,Cavalier,1999,4758
993,Rock,Jakaway,rjakawayrk@cpanel.net,Suzuki,Samurai,1993,4160
994,Dina,Kendal,dkendalrl@goo.gl,Daewoo,Nubira,2001,28952
995,Aguie,Witch,awitchrm@msn.com,BMW,760,2004,93666
996,Jackqueline,Battman,jbattmanrn@friendfeed.com,Land Rover,Range Rover Sport,2008,62741
997,Aleece,Silmon,asilmonro@soup.io,Ford,Escort,1987,82249
998,Norrie,Amiable,namiablerp@hp.com,Ford,Thunderbird,1995,61460
999,Bogart,Carvil,bcarvilrq@disqus.com,Mitsubishi,Mighty Max Macro,1992,75106
1000,Conan,Wiskar,cwiskarrr@google.ru,Mazda,MX-6,1994,30173
